current_part_number,proposed_part_number,confidence,reason,name,spec_frequency,url
ABM8-24.000MHZ-12-B1U-T,ABM8-25.000MHZ-D1X-T,HIGH,name's part number and spec frequency agree; part_number field looks misaligned,Abracon ABM8-25.000MHZ-D1X-T 25MHz 18pF 3225 SMD Crystal,25MHz,https://songglow.com/components/crystals/ABM8-24.000MHZ-12-B1U-T
ABM8-25.000MHZ-D1X-T,ABM8-16.000MHZ-D1X-T,HIGH,name's part number and spec frequency agree; part_number field looks misaligned,Abracon ABM8-16.000MHZ-D1X-T 16MHz 18pF 3225 SMD Crystal,16MHz,https://songglow.com/components/crystals/ABM8-25.000MHZ-D1X-T
CM7V-T1A-32.768KHZ-7PF-20PPM-TA-QC,CM7V-T1A-32.768KHZ-12.5PF-20PPM-TA-QC,HIGH,name's part number and spec frequency agree; part_number field looks misaligned,Micro Crystal CM7V-T1A-32.768KHZ-12.5PF-20PPM-TA-QC 32.768kHz 12.5pF 3215 SMD Crystal,32.768kHz,https://songglow.com/components/crystals/CM7V-T1A-32.768KHZ-7PF-20PPM-TA-QC
ABM8G-12.000MHZ-4Y-T3,ABM3-12.000MHZ-D2Y-T,HIGH,name's part number and spec frequency agree; part_number field looks misaligned,Abracon ABM3-12.000MHZ-D2Y-T 12MHz 18pF HC-49S SMD Crystal,12MHz,https://songglow.com/components/crystals/ABM8G-12.000MHZ-4Y-T3
CM8V-T1A-32.768KHZ-7PF-20PPM-TA-QC,CM8V-T1A-32.768KHZ-9PF-20PPM-TA-QC,HIGH,name's part number and spec frequency agree; part_number field looks misaligned,Micro Crystal CM8V-T1A-32.768KHZ-9PF-20PPM-TA-QC 32.768kHz 9pF 3215 SMD Crystal,32.768kHz,https://songglow.com/components/crystals/CM8V-T1A-32.768KHZ-7PF-20PPM-TA-QC
CM8V-T1A-32.768KHZ-9PF-20PPM-TA-QC,CM8V-T1A-32.768KHZ-12.5PF-20PPM-TA-QC,HIGH,name's part number and spec frequency agree; part_number field looks misaligned,Micro Crystal CM8V-T1A-32.768KHZ-12.5PF-20PPM-TA-QC 32.768kHz 12.5pF 3215 SMD Crystal,32.768kHz,https://songglow.com/components/crystals/CM8V-T1A-32.768KHZ-9PF-20PPM-TA-QC
CM8V-T1A-32.768KHZ-9PF-20PPM-TB-QA,CM8V-T1A-32.768KHZ-12.5PF-20PPM-TB-QA,HIGH,name's part number and spec frequency agree; part_number field looks misaligned,Micro Crystal CM8V-T1A-32.768KHZ-12.5PF-20PPM-TB-QA 32.768kHz 12.5pF 3215 SMD Crystal,32.768kHz,https://songglow.com/components/crystals/CM8V-T1A-32.768KHZ-9PF-20PPM-TB-QA
ECS-320-10-37B-CKY-TR,ECS-240-12-37B-CKY-TR,LOW,name's part number and spec frequency disagree - verify manually,ECS Inc. ECS-240-12-37B-CKY-TR 24MHz 12pF 2016 SMD Crystal,24MHz,https://songglow.com/components/crystals/ECS-320-10-37B-CKY-TR
ECS-240-12-37B-CKY-TR,ECS-400-10-37B2-CKY-TR,LOW,name's part number and spec frequency disagree - verify manually,ECS Inc. ECS-400-10-37B2-CKY-TR 40MHz 10pF 2016 SMD Crystal,40MHz,https://songglow.com/components/crystals/ECS-240-12-37B-CKY-TR
ECS-400-10-37B2-CKY-TR,"0,032768-SMQ32SL-12,5-20-T1-LF",LOW,name's part number and spec frequency disagree - verify manually,"Jauch Q 0,032768-SMQ32SL-12,5-20-T1-LF 32.768kHz 12.5pF 3215 SMD Crystal",32.768kHz,https://songglow.com/components/crystals/ECS-400-10-37B2-CKY-TR
TSX-3225 24.0000MF15X-AC6,TSX-3225,LOW,name's part number and spec frequency disagree - verify manually,Epson TSX-3225 16.0000MF18X-AC0 16MHz 18pF 3225 SMD Crystal,16MHz,https://songglow.com/components/crystals/TSX-3225-24.0000MF15X-AC6
TSX-3225 16.0000MF18X-AC0,TSX-3225,LOW,name's part number and spec frequency disagree - verify manually,Epson TSX-3225 24.0000MF15X-AC0 24MHz 15pF 3225 SMD Crystal,24MHz,https://songglow.com/components/crystals/TSX-3225-16.0000MF18X-AC0
TSX-3225 24.0000MF15X-AC0,TSX-3225,LOW,name's part number and spec frequency disagree - verify manually,Epson TSX-3225 25.0000MF18X-G0 25MHz 18pF 3225 SMD Crystal,25MHz,https://songglow.com/components/crystals/TSX-3225-24.0000MF15X-AC0
TSX-3225 25.0000MF18X-G0,TSX-3225,LOW,name's part number and spec frequency disagree - verify manually,Epson TSX-3225 26.0000MF10Z-B6 26MHz 10pF 3225 SMD Crystal,26MHz,https://songglow.com/components/crystals/TSX-3225-25.0000MF18X-G0
HCM4916000000ABJT,HCM4910000000ABJT,LOW,name's part number and spec frequency disagree - verify manually,Citizen HCM4910000000ABJT 10MHz 12pF HC-49S SMD Crystal,10MHz,https://songglow.com/components/crystals/HCM4916000000ABJT
ABM8G-24.000MHZ-18-D2Y-T,HCM494000000ABJT,LOW,name's part number and spec frequency disagree - verify manually,Citizen HCM494000000ABJT 4MHz 12pF HC-49S SMD Crystal,4MHz,https://songglow.com/components/crystals/ABM8G-24.000MHZ-18-D2Y-T
CS01188-27.12M,LFXTAL055299,LOW,name's part number and spec frequency disagree - verify manually,NDK LFXTAL055299 24MHz 12pF 3225 SMD Crystal,24MHz,https://songglow.com/components/crystals/CS01188-27.12M
LFXTAL055299,CS01188-27.12M,LOW,name's part number and spec frequency disagree - verify manually,CSR (Qualcomm) CS01188-27.12M 27.12MHz 10pF 3225 SMD Crystal,27.12MHz,https://songglow.com/components/crystals/LFXTAL055299
ABM8-16.000MHZ-B2-T,CS11337-27.12M,LOW,name's part number and spec frequency disagree - verify manually,CSR (Qualcomm) CS11337-27.12M 27.12MHz 10pF 3225 SMD Crystal,27.12MHz,https://songglow.com/components/crystals/ABM8-16.000MHZ-B2-T
ECS-80-12-33-JGN-TR,ECS-.327-12.5-34R-C-TR,LOW,name's part number and spec frequency disagree - verify manually,ECS Inc. ECS-.327-12.5-34R-C-TR 32.768kHz 12.5pF 3215 SMD Crystal,32.768kHz,https://songglow.com/components/crystals/ECS-80-12-33-JGN-TR
ECS-.327-12.5-34R-C-TR,ECS-80-18-33-JGN-TR,LOW,name's part number and spec frequency disagree - verify manually,ECS Inc. ECS-80-18-33-JGN-TR 8MHz 18pF 3225 SMD Crystal,8MHz,https://songglow.com/components/crystals/ECS-.327-12.5-34R-C-TR
FL2400022,FL2500316Z,LOW,name's part number and spec frequency disagree - verify manually,Diode FL2500316Z 25MHz 16pF 3225 SMD Crystal,25MHz,https://songglow.com/components/crystals/FL2400022
FL2500316Z,FL2500133,LOW,name's part number and spec frequency disagree - verify manually,Diode FL2500133 25MHz 12pF 3225 SMD Crystal,25MHz,https://songglow.com/components/crystals/FL2500316Z
"Q 0,032768-JTX310-12,5-20-T1-LF","0,032768-JTX310-12,5-20-T1-LF",LOW,name's part number and spec frequency disagree - verify manually,"Jauch Quartz 0,032768-JTX310-12,5-20-T1-LF 32.768kHz 12.5pF 3215 SMD Crystal",32.768kHz,https://songglow.com/components/crystals/Q-0-032768-JTX310-12-5-20-T1-LF
ECS-240-8-37B-CKY-TR,ECS-320-8-37B2-CTN-TR,LOW,name's part number and spec frequency disagree - verify manually,ECS Inc. ECS-320-8-37B2-CTN-TR 32MHz 8pF 2016 SMD Crystal,32MHz,https://songglow.com/components/crystals/ECS-240-8-37B-CKY-TR
ATS080BSM-1E,ATS080BSM-1,LOW,name's part number and spec frequency disagree - verify manually,CTS ATS080BSM-1 8MHz 20pF HC-49S SMD Crystal,8MHz,https://songglow.com/components/crystals/ATS080BSM-1E
LFXTAL003000,FA-128,LOW,name's part number and spec frequency disagree - verify manually,Jauch Quartz Epson FA-128 32.0000MF10Z-AJ0 32MHz 10pF 2016 SMD Crystal,32MHz,https://songglow.com/components/crystals/LFXTAL003000
FA-128 32.0000MF20X-K5,ECS-.327-9-34B-TR,LOW,name's part number and spec frequency disagree - verify manually,Epson ECS-.327-9-34B-TR 32.768kHz 9pF 3215 SMD Crystal,32.768kHz,https://songglow.com/components/crystals/FA-128-32.0000MF20X-K5
FA-128 32.0000MF10Z-AJ5,FA-128,LOW,name's part number and spec frequency disagree - verify manually,Epson FA-128 32.0000MF20X-K5 32MHz 20pF 2016 SMD Crystal,32MHz,https://songglow.com/components/crystals/FA-128-32.0000MF10Z-AJ5
ECS-.327-9-34B-TR,CM13032768DZFT,LOW,name's part number and spec frequency disagree - verify manually,Citizen CM13032768DZFT 32.768kHz 12.5pF 3215 SMD Crystal,32.768kHz,https://songglow.com/components/crystals/ECS-.327-9-34B-TR
HCM4912000000ABJT,HCM498000000ABJT,LOW,name's part number and spec frequency disagree - verify manually,Citizen HCM498000000ABJT 8MHz 12pF HC-49S SMD Crystal,8MHz,https://songglow.com/components/crystals/HCM4912000000ABJT
HCM4925000000ABJT,HCM497372800ABJT,LOW,name's part number and spec frequency disagree - verify manually,Citizen HCM497372800ABJT 7.3728MHz 12pF HC-49S SMD Crystal,7.3728MHz,https://songglow.com/components/crystals/HCM4925000000ABJT
HCM497372800ABJT,HCM4920000000ABJT,LOW,name's part number and spec frequency disagree - verify manually,Citizen HCM4920000000ABJT 20MHz 12pF HC-49S SMD Crystal,20MHz,https://songglow.com/components/crystals/HCM497372800ABJT
ECS-.327-12.5-34B-C-TR,ECS-80-20-5G3XDS-TR,LOW,name's part number and spec frequency disagree - verify manually,ECS Inc. ECS-80-20-5G3XDS-TR 8MHz 20pF HC-49US SMD Crystal,8MHz,https://songglow.com/components/crystals/ECS-.327-12.5-34B-C-TR
ECS-80-20-5G3XDS-TR,ECS-384-CDX-1983,LOW,name's part number and spec frequency disagree - verify manually,ECS Inc. ECS-384-CDX-1983 38.4MHz 7pF 2016 SMD Crystal,38.4MHz,https://songglow.com/components/crystals/ECS-80-20-5G3XDS-TR
CM315D32768DZFT,CM315D32768DZCT,LOW,name's part number and spec frequency disagree - verify manually,Citizen CM315D32768DZCT 32.768kHz 12.5pF 3215 SMD Crystal,32.768kHz,https://songglow.com/components/crystals/CM315D32768DZFT
ECS-320-8-37B2-CTN-TR,ECS-320-10-37B-CKY-TR,LOW,name's part number and spec frequency disagree - verify manually,ECS Inc. ECS-320-10-37B-CKY-TR 32MHz 10pF 2016 SMD Crystal,32MHz,https://songglow.com/components/crystals/ECS-320-8-37B2-CTN-TR
SG-210STF 50.0000ML0,50.0000MHZ,LOW,name's part number and spec frequency disagree - verify manually,EPSON XTAL OSC XO 50.0000MHZ CMOS SMD,,https://songglow.com/components/crystals-oscillators-resonators-oscillators/SG-210STF-50.0000ML0
SG-210STF 24.0000ML0,24.0000MHZ,LOW,name's part number and spec frequency disagree - verify manually,EPSON XTAL OSC XO 24.0000MHZ CMOS SMD,,https://songglow.com/components/crystals-oscillators-resonators-oscillators/SG-210STF-24.0000ML0
SG-210STF 12.2880ML0,12.2880MHZ,LOW,name's part number and spec frequency disagree - verify manually,EPSON XTAL OSC XO 12.2880MHZ CMOS SMD,,https://songglow.com/components/crystals-oscillators-resonators-oscillators/SG-210STF-12.2880ML0
SG-210STF 25.0000ML0,25.0000MHZ,LOW,name's part number and spec frequency disagree - verify manually,EPSON XTAL OSC XO 25.0000MHZ CMOS SMD,,https://songglow.com/components/crystals-oscillators-resonators-oscillators/SG-210STF-25.0000ML0
"O 25,0-JO32-B-1V3-1-T1-LF",25.0000MHZ,LOW,name's part number and spec frequency disagree - verify manually,Jauch Quartz XTAL OSC XO 25.0000MHZ HCMOS SMD,,https://songglow.com/components/crystals-oscillators-resonators-oscillators/O-25-0-JO32-B-1V3-1-T1-LF
ECS-2333-160-BN-TR,16.0000MHZ,LOW,name's part number and spec frequency disagree - verify manually,ECS Inc. XTAL OSC XO 16.0000MHZ HCMOS SMD,,https://songglow.com/components/crystals-oscillators-resonators-oscillators/ECS-2333-160-BN-TR
ECS-2333-500-BN-TR,50.0000MHZ,LOW,name's part number and spec frequency disagree - verify manually,ECS Inc. XTAL OSC XO 50.0000MHZ HCMOS SMD,,https://songglow.com/components/crystals-oscillators-resonators-oscillators/ECS-2333-500-BN-TR
ASDDV-25.000MHZ-LC-T,25.0000MHZ,LOW,name's part number and spec frequency disagree - verify manually,Abracon LLC OSC XO 25.0000MHZ CMOS SMD,,https://songglow.com/components/crystals-oscillators-resonators-oscillators/ASDDV-25.000MHZ-LC-T
ASDDV-50.000MHZ-LR-T,50.0000MHZ,LOW,name's part number and spec frequency disagree - verify manually,Abracon LLC OSC XO 50.0000MHZ CMOS SMD,,https://songglow.com/components/crystals-oscillators-resonators-oscillators/ASDDV-50.000MHZ-LR-T
ASE-1.8432MHZ-L-C-T,1.8432MHZ,LOW,name's part number and spec frequency disagree - verify manually,Abracon LLC XTAL OSC XO 1.8432MHZ CMOS SMD,,https://songglow.com/components/crystals-oscillators-resonators-oscillators/ASE-1.8432MHZ-L-C-T
ECS-2033-240-BN,24.0000MHZ,LOW,name's part number and spec frequency disagree - verify manually,ECS Inc. XTAL OSC XO 24.0000MHZ CMOS SMD,,https://songglow.com/components/crystals-oscillators-resonators-oscillators/ECS-2033-240-BN
ASE3-27.000MHZ-K-T,27.0000MHZ,LOW,name's part number and spec frequency disagree - verify manually,Abracon LLC XTAL OSC XO 27.0000MHZ CMOS SMD,,https://songglow.com/components/crystals-oscillators-resonators-oscillators/ASE3-27.000MHZ-K-T
ECS-2033-500-BN,50.0000MHZ,LOW,name's part number and spec frequency disagree - verify manually,ECS Inc. XTAL OSC XO 50.0000MHZ CMOS SMD,,https://songglow.com/components/crystals-oscillators-resonators-oscillators/ECS-2033-500-BN
ECS-2333-250-BN-TR,25.000MHZ,LOW,name's part number and spec frequency disagree - verify manually,ECS Inc. OSC XO 25.000MHZ 3.3V CMOS SMD,,https://songglow.com/components/crystals-oscillators-resonators-oscillators/ECS-2333-250-BN-TR
ECS-327MVATX-1-CN-TR,32.768KHZ,LOW,name's part number and spec frequency disagree - verify manually,ECS Inc. XTAL OSC XO 32.768KHZ SMD,,https://songglow.com/components/crystals-oscillators-resonators-oscillators/ECS-327MVATX-1-CN-TR
ECS-3963-240-BN-TR,24.0000MHZ,LOW,name's part number and spec frequency disagree - verify manually,ECS Inc. XTAL OSC XO 24.0000MHZ HCMOS SMD,,https://songglow.com/components/crystals-oscillators-resonators-oscillators/ECS-3963-240-BN-TR
ECS-2018-240-BN,24.0000MHZ,LOW,name's part number and spec frequency disagree - verify manually,ECS Inc. XTAL OSC XO 24.0000MHZ HCMOS SMD,,https://songglow.com/components/crystals-oscillators-resonators-oscillators/ECS-2018-240-BN
ECS-2033-120-BN,12.0000MHZ,LOW,name's part number and spec frequency disagree - verify manually,ECS Inc. XTAL OSC XO 12.0000MHZ CMOS SMD,,https://songglow.com/components/crystals-oscillators-resonators-oscillators/ECS-2033-120-BN
ECS-327MVATX-3-CN-TR,32.768KHZ,LOW,name's part number and spec frequency disagree - verify manually,ECS Inc. XTAL OSC XO 32.768KHZ SMD,,https://songglow.com/components/crystals-oscillators-resonators-oscillators/ECS-327MVATX-3-CN-TR
ECS-327MVATX-3-CN-TR3,32.7680KHZ,LOW,name's part number and spec frequency disagree - verify manually,ECS Inc. XTAL OSC XO 32.7680KHZ SMD,,https://songglow.com/components/crystals-oscillators-resonators-oscillators/ECS-327MVATX-3-CN-TR3
ECS-327MVATX-2-CN-TR3,32.7680KHZ,LOW,name's part number and spec frequency disagree - verify manually,ECS Inc. XTAL OSC XO 32.7680KHZ SMD,,https://songglow.com/components/crystals-oscillators-resonators-oscillators/ECS-327MVATX-2-CN-TR3
ECS-3225MV-080-BN-TR,8.0000MHZ,LOW,name's part number and spec frequency disagree - verify manually,ECS Inc. XTAL OSC XO 8.0000MHZ HCMOS SMD,,https://songglow.com/components/crystals-oscillators-resonators-oscillators/ECS-3225MV-080-BN-TR
ECS-3225MV-160-CN-TR,16.0000MHZ,LOW,name's part number and spec frequency disagree - verify manually,ECS Inc. XTAL OSC XO 16.0000MHZ HCMOS SMD,,https://songglow.com/components/crystals-oscillators-resonators-oscillators/ECS-3225MV-160-CN-TR
ECS-327MVATX-2-CN-TR,32.7680KHZ,LOW,name's part number and spec frequency disagree - verify manually,ECS Inc. XTAL OSC XO 32.7680KHZ SMD,,https://songglow.com/components/crystals-oscillators-resonators-oscillators/ECS-327MVATX-2-CN-TR
ECS-3225MV-250-CN-TR,25.0000MHZ,LOW,name's part number and spec frequency disagree - verify manually,ECS Inc. XTAL OSC XO 25.0000MHZ HCMOS SMD,,https://songglow.com/components/crystals-oscillators-resonators-oscillators/ECS-3225MV-250-CN-TR
ECS-3225MV-240-BN-TR,24.0000MHZ,LOW,name's part number and spec frequency disagree - verify manually,ECS Inc. XTAL OSC XO 24.0000MHZ HCMOS SMD,,https://songglow.com/components/crystals-oscillators-resonators-oscillators/ECS-3225MV-240-BN-TR
ECS-3225MV-120-BN-TR,12.0000MHZ,LOW,name's part number and spec frequency disagree - verify manually,ECS Inc. XTAL OSC XO 12.0000MHZ HCMOS SMD,,https://songglow.com/components/crystals-oscillators-resonators-oscillators/ECS-3225MV-120-BN-TR
ECS-3225MV-250-BN-TR,25.0000MHZ,LOW,name's part number and spec frequency disagree - verify manually,ECS Inc. XTAL OSC XO 25.0000MHZ HCMOS SMD,,https://songglow.com/components/crystals-oscillators-resonators-oscillators/ECS-3225MV-250-BN-TR
ECS-3225MV-160-BN-TR,16.0000MHZ,LOW,name's part number and spec frequency disagree - verify manually,ECS Inc. XTAL OSC XO 16.0000MHZ HCMOS SMD,,https://songglow.com/components/crystals-oscillators-resonators-oscillators/ECS-3225MV-160-BN-TR
ECS-3225MV-250-CN-TR3,25.0000MHZ,LOW,name's part number and spec frequency disagree - verify manually,ECS Inc. XTAL OSC XO 25.0000MHZ HCMOS SMD,,https://songglow.com/components/crystals-oscillators-resonators-oscillators/ECS-3225MV-250-CN-TR3
ECS-3225MV-500-CN-TR,50.0000MHZ,LOW,name's part number and spec frequency disagree - verify manually,ECS Inc. XTAL OSC XO 50.0000MHZ HCMOS SMD,,https://songglow.com/components/crystals-oscillators-resonators-oscillators/ECS-3225MV-500-CN-TR
ECS-2520MV-160-CN-TR,16.0000MHZ,LOW,name's part number and spec frequency disagree - verify manually,ECS Inc. OSC XO 16.0000MHZ CMOS SMD,,https://songglow.com/components/crystals-oscillators-resonators-oscillators/ECS-2520MV-160-CN-TR
KC2016Z25.0000C1KX00,25.0000MHZ,LOW,name's part number and spec frequency disagree - verify manually,KYOCERA AVX XTAL OSC XO 25.0000MHZ CMOS SMD,,https://songglow.com/components/crystals-oscillators-resonators-oscillators/KC2016Z25.0000C1KX00
ECS-2520MV-333.3-BN-TR,33.3333MHZ,LOW,name's part number and spec frequency disagree - verify manually,ECS Inc. XTAL OSC XO 33.3333MHZ CMOS SMD,,https://songglow.com/components/crystals-oscillators-resonators-oscillators/ECS-2520MV-333.3-BN-TR
ECS-2520MV-250-BN-TR,25.0000MHZ,LOW,name's part number and spec frequency disagree - verify manually,ECS Inc. XTAL OSC XO 25.0000MHZ CMOS SMD,,https://songglow.com/components/crystals-oscillators-resonators-oscillators/ECS-2520MV-250-BN-TR
ECS-2520MV-240-BN-TR,24.0000MHZ,LOW,name's part number and spec frequency disagree - verify manually,ECS Inc. XTAL OSC XO 24.0000MHZ CMOS SMD,,https://songglow.com/components/crystals-oscillators-resonators-oscillators/ECS-2520MV-240-BN-TR
ECS-2520MV-250-CN-TR,25.0000MHZ,LOW,name's part number and spec frequency disagree - verify manually,ECS Inc. XTAL OSC XO 25.0000MHZ CMOS SMD,,https://songglow.com/components/crystals-oscillators-resonators-oscillators/ECS-2520MV-250-CN-TR
ECS-2520MV-080-CN-TR,8.0000MHZ,LOW,name's part number and spec frequency disagree - verify manually,ECS Inc. OSC XO 8.0000MHZ CMOS SMD,,https://songglow.com/components/crystals-oscillators-resonators-oscillators/ECS-2520MV-080-CN-TR
ECS-2520MV-480-CN-TR,48.0000MHZ,LOW,name's part number and spec frequency disagree - verify manually,ECS Inc. XTAL OSC XO 48.0000MHZ CMOS SMD,,https://songglow.com/components/crystals-oscillators-resonators-oscillators/ECS-2520MV-480-CN-TR
ASV-12.000MHZ-EJ-T,12.0000MHZ,LOW,name's part number and spec frequency disagree - verify manually,Abracon LLC XTAL OSC XO 12.0000MHZ HCMOS SMD,,https://songglow.com/components/crystals-oscillators-resonators-oscillators/ASV-12.000MHZ-EJ-T
ECS-2520MV-500-BN-TR,50.0000MHZ,LOW,name's part number and spec frequency disagree - verify manually,ECS Inc. XTAL OSC XO 50.0000MHZ CMOS SMD,,https://songglow.com/components/crystals-oscillators-resonators-oscillators/ECS-2520MV-500-BN-TR
ECS-2033-250-BN,25.0000MHZ,LOW,name's part number and spec frequency disagree - verify manually,ECS Inc. XTAL OSC XO 25.0000MHZ CMOS SMD,,https://songglow.com/components/crystals-oscillators-resonators-oscillators/ECS-2033-250-BN
FK2500067,25.0000MHZ,LOW,name's part number and spec frequency disagree - verify manually,Diodes Incorporated XTAL OSC XO 25.0000MHZ LVCMOS,,https://songglow.com/components/crystals-oscillators-resonators-oscillators/FK2500067
ECS-2033-080-BN,8.0000MHZ,LOW,name's part number and spec frequency disagree - verify manually,ECS Inc. XTAL OSC XO 8.0000MHZ CMOS SMD,,https://songglow.com/components/crystals-oscillators-resonators-oscillators/ECS-2033-080-BN
636L3I025M00000,25.0000MHZ,LOW,name's part number and spec frequency disagree - verify manually,CTS-Frequency Controls XTAL OSC XO 25.0000MHZ HCMOS,,https://songglow.com/components/crystals-oscillators-resonators-oscillators/636L3I025M00000
ECS-2033-040-BN,4.0000MHZ,LOW,name's part number and spec frequency disagree - verify manually,ECS Inc. XTAL OSC XO 4.0000MHZ CMOS SMD,,https://songglow.com/components/crystals-oscillators-resonators-oscillators/ECS-2033-040-BN
KC3225K25.0000C1GE00,25.0000MHZ,LOW,name's part number and spec frequency disagree - verify manually,KYOCERA AVX XTAL OSC XO 25.0000MHZ CMOS SMD,,https://songglow.com/components/crystals-oscillators-resonators-oscillators/KC3225K25.0000C1GE00
CB3-3I-16M000000,16.0000MHZ,LOW,name's part number and spec frequency disagree - verify manually,CTS-Frequency Controls XTAL OSC XO 16.0000MHZ HCMOS TTL,,https://songglow.com/components/crystals-oscillators-resonators-oscillators/CB3-3I-16M000000
ECS-2520MVQ-240-BP-TR,24.0000MHZ,LOW,name's part number and spec frequency disagree - verify manually,ECS Inc. XTAL OSC XO 24.0000MHZ CMOS SMD,,https://songglow.com/components/crystals-oscillators-resonators-oscillators/ECS-2520MVQ-240-BP-TR
KC3225K50.0000C1GE00,50.0000MHZ,LOW,name's part number and spec frequency disagree - verify manually,KYOCERA AVX XTAL OSC XO 50.0000MHZ CMOS SMD,,https://songglow.com/components/crystals-oscillators-resonators-oscillators/KC3225K50.0000C1GE00
ASE-25.000MHZ-L-C-T,25.0000MHZ,LOW,name's part number and spec frequency disagree - verify manually,Abracon LLC XTAL OSC XO 25.0000MHZ CMOS SMD,,https://songglow.com/components/crystals-oscillators-resonators-oscillators/ASE-25.000MHZ-L-C-T
CB3LV-3C-50M000000,50.0000MHZ,LOW,name's part number and spec frequency disagree - verify manually,CTS-Frequency Controls XTAL OSC XO 50.0000MHZ HCMOS TTL,,https://songglow.com/components/crystals-oscillators-resonators-oscillators/CB3LV-3C-50M000000
ASE-50.000MHZ-L-C-T,50.0000MHZ,LOW,name's part number and spec frequency disagree - verify manually,Abracon LLC XTAL OSC XO 50.0000MHZ CMOS SMD,,https://songglow.com/components/crystals-oscillators-resonators-oscillators/ASE-50.000MHZ-L-C-T
KC2016Z27.0000C15XXK,"OSCILLATOR,2.0X1.6X0.8MM",LOW,name's part number and spec frequency disagree - verify manually,"KYOCERA AVX CLOCK OSCILLATOR,2.0X1.6X0.8MM S",,https://songglow.com/components/crystals-oscillators-resonators-oscillators/KC2016Z27.0000C15XXK
CB3-3C-8M000000,8.0000MHZ,LOW,name's part number and spec frequency disagree - verify manually,CTS-Frequency Controls XTAL OSC XO 8.0000MHZ HCMOS TTL,,https://songglow.com/components/crystals-oscillators-resonators-oscillators/CB3-3C-8M000000
CB3LV-3C-25M000000,25.0000MHZ,LOW,name's part number and spec frequency disagree - verify manually,CTS-Frequency Controls XTAL OSC XO 25.0000MHZ HCMOS TTL,,https://songglow.com/components/crystals-oscillators-resonators-oscillators/CB3LV-3C-25M000000
ASE-8.000MHZ-L-C-T,8.0000MHZ,LOW,name's part number and spec frequency disagree - verify manually,Abracon LLC XTAL OSC XO 8.0000MHZ CMOS SMD,,https://songglow.com/components/crystals-oscillators-resonators-oscillators/ASE-8.000MHZ-L-C-T
ASE-48.000MHZ-L-C-T,48.0000MHZ,LOW,name's part number and spec frequency disagree - verify manually,Abracon LLC XTAL OSC XO 48.0000MHZ CMOS SMD,,https://songglow.com/components/crystals-oscillators-resonators-oscillators/ASE-48.000MHZ-L-C-T
ECS-2520MVQ-080-CN-TR,8.0000MHZ,LOW,name's part number and spec frequency disagree - verify manually,ECS Inc. XTAL OSC XO 8.0000MHZ CMOS SMD,,https://songglow.com/components/crystals-oscillators-resonators-oscillators/ECS-2520MVQ-080-CN-TR
ASE-25.000MHZ-L-R-T,25.0000MHZ,LOW,name's part number and spec frequency disagree - verify manually,Abracon LLC XTAL OSC XO 25.0000MHZ CMOS SMD,,https://songglow.com/components/crystals-oscillators-resonators-oscillators/ASE-25.000MHZ-L-R-T
ECS-2520MVLC-081.92-BN-TR,8.1920MHZ,LOW,name's part number and spec frequency disagree - verify manually,ECS Inc. XTAL OSC XO 8.1920MHZ CMOS SMD,,https://songglow.com/components/crystals-oscillators-resonators-oscillators/ECS-2520MVLC-081.92-BN-TR
CB3LV-3I-25M000000,25.0000MHZ,LOW,name's part number and spec frequency disagree - verify manually,CTS-Frequency Controls XTAL OSC XO 25.0000MHZ HCMOS TTL,,https://songglow.com/components/crystals-oscillators-resonators-oscillators/CB3LV-3I-25M000000
ASE-24.576MHZ-L-C-T,24.5760MHZ,LOW,name's part number and spec frequency disagree - verify manually,Abracon LLC XTAL OSC XO 24.5760MHZ CMOS SMD,,https://songglow.com/components/crystals-oscillators-resonators-oscillators/ASE-24.576MHZ-L-C-T
ECS-2520MVQ-250-BP-TR,25.0000MHZ,LOW,name's part number and spec frequency disagree - verify manually,ECS Inc. XTAL OSC XO 25.0000MHZ CMOS SMD,,https://songglow.com/components/crystals-oscillators-resonators-oscillators/ECS-2520MVQ-250-BP-TR
ASE-24.000MHZ-L-C-T,24.0000MHZ,LOW,name's part number and spec frequency disagree - verify manually,Abracon LLC XTAL OSC XO 24.0000MHZ CMOS SMD,,https://songglow.com/components/crystals-oscillators-resonators-oscillators/ASE-24.000MHZ-L-C-T
CB3-3I-40M000000,40.0000MHZ,LOW,name's part number and spec frequency disagree - verify manually,CTS-Frequency Controls XTAL OSC XO 40.0000MHZ HCMOS TTL,,https://songglow.com/components/crystals-oscillators-resonators-oscillators/CB3-3I-40M000000
CB3LV-3C-20M000000,20.0000MHZ,LOW,name's part number and spec frequency disagree - verify manually,CTS-Frequency Controls XTAL OSC XO 20.0000MHZ HCMOS TTL,,https://songglow.com/components/crystals-oscillators-resonators-oscillators/CB3LV-3C-20M000000
CB3-3C-40M000000,40.0000MHZ,LOW,name's part number and spec frequency disagree - verify manually,CTS-Frequency Controls XTAL OSC XO 40.0000MHZ HCMOS TTL,,https://songglow.com/components/crystals-oscillators-resonators-oscillators/CB3-3C-40M000000
FKSSD1025,25.0000MHZ,LOW,name's part number and spec frequency disagree - verify manually,Diodes Incorporated XTAL OSC XO 25.0000MHZ CMOS SMD,,https://songglow.com/components/crystals-oscillators-resonators-oscillators/FKSSD1025
ECS-2520MV-500-CN-TR,50.0000MHZ,LOW,name's part number and spec frequency disagree - verify manually,ECS Inc. XTAL OSC XO 50.0000MHZ CMOS SMD,,https://songglow.com/components/crystals-oscillators-resonators-oscillators/ECS-2520MV-500-CN-TR
CB3LV-3C-16M000000,16.0000MHZ,LOW,name's part number and spec frequency disagree - verify manually,CTS-Frequency Controls XTAL OSC XO 16.0000MHZ HCMOS TTL,,https://songglow.com/components/crystals-oscillators-resonators-oscillators/CB3LV-3C-16M000000
ASE-14.7456MHZ-L-C-T,14.7456MHZ,LOW,name's part number and spec frequency disagree - verify manually,Abracon LLC XTAL OSC XO 14.7456MHZ CMOS SMD,,https://songglow.com/components/crystals-oscillators-resonators-oscillators/ASE-14.7456MHZ-L-C-T
632L3I024M00000,24.0000MHZ,LOW,name's part number and spec frequency disagree - verify manually,CTS-Frequency Controls XTAL OSC XO 24.0000MHZ HCMOS SMD,,https://songglow.com/components/crystals-oscillators-resonators-oscillators/632L3I024M00000
OM-7604-C7-32.768KHZ-20PPM-TA-QC,32.7680KHZ,LOW,name's part number and spec frequency disagree - verify manually,Micro Crystal AG OSC XO 32.7680KHZ SMD,,https://songglow.com/components/crystals-oscillators-resonators-oscillators/OM-7604-C7-32.768KHZ-20PPM-TA-QC
CB3LV-3C-10M000000,10.0000MHZ,LOW,name's part number and spec frequency disagree - verify manually,CTS-Frequency Controls XTAL OSC XO 10.0000MHZ HCMOS TTL,,https://songglow.com/components/crystals-oscillators-resonators-oscillators/CB3LV-3C-10M000000
CB3LV-3I-50M000000,50.0000MHZ,LOW,name's part number and spec frequency disagree - verify manually,CTS-Frequency Controls XTAL OSC XO 50.0000MHZ HCMOS TTL,,https://songglow.com/components/crystals-oscillators-resonators-oscillators/CB3LV-3I-50M000000
ECS-327MVATX-7-CN-TR,32.7680KHZ,LOW,name's part number and spec frequency disagree - verify manually,ECS Inc. XTAL OSC XO 32.7680KHZ SMD,,https://songglow.com/components/crystals-oscillators-resonators-oscillators/ECS-327MVATX-7-CN-TR
ASE-24.000MHZ-L-R-T,24.0000MHZ,LOW,name's part number and spec frequency disagree - verify manually,Abracon LLC XTAL OSC XO 24.0000MHZ CMOS SMD,,https://songglow.com/components/crystals-oscillators-resonators-oscillators/ASE-24.000MHZ-L-R-T
ASE-50.000MHZ-L-R-T,50.0000MHZ,LOW,name's part number and spec frequency disagree - verify manually,Abracon LLC XTAL OSC XO 50.0000MHZ CMOS SMD,,https://songglow.com/components/crystals-oscillators-resonators-oscillators/ASE-50.000MHZ-L-R-T
NSC5136D-32.768K,32.7680KHZ,LOW,name's part number and spec frequency disagree - verify manually,"NDK (NIHON DEMPA KOGYO CO., LTD) XTAL OSC XO 32.7680KHZ CMOS SMD",,https://songglow.com/components/crystals-oscillators-resonators-oscillators/NSC5136D-32.768K
CB3LV-3C-30M000000,30.0000MHZ,LOW,name's part number and spec frequency disagree - verify manually,CTS-Frequency Controls XTAL OSC XO 30.0000MHZ HCMOS TTL,,https://songglow.com/components/crystals-oscillators-resonators-oscillators/CB3LV-3C-30M000000
ASE-10.000MHZ-L-C-T,10.0000MHZ,LOW,name's part number and spec frequency disagree - verify manually,Abracon LLC XTAL OSC XO 10.0000MHZ CMOS SMD,,https://songglow.com/components/crystals-oscillators-resonators-oscillators/ASE-10.000MHZ-L-C-T
CB3LV-3C-8M000000,8.0000MHZ,LOW,name's part number and spec frequency disagree - verify manually,CTS-Frequency Controls XTAL OSC XO 8.0000MHZ HCMOS TTL,,https://songglow.com/components/crystals-oscillators-resonators-oscillators/CB3LV-3C-8M000000
CB3-3C-10M000000,10.0000MHZ,LOW,name's part number and spec frequency disagree - verify manually,CTS-Frequency Controls XTAL OSC XO 10.0000MHZ HCMOS TTL,,https://songglow.com/components/crystals-oscillators-resonators-oscillators/CB3-3C-10M000000
CB3-3C-16M000000,16.0000MHZ,LOW,name's part number and spec frequency disagree - verify manually,CTS-Frequency Controls XTAL OSC XO 16.0000MHZ HCMOS TTL,,https://songglow.com/components/crystals-oscillators-resonators-oscillators/CB3-3C-16M000000
ASE-12.000MHZ-L-C-T,12.0000MHZ,LOW,name's part number and spec frequency disagree - verify manually,Abracon LLC XTAL OSC XO 12.0000MHZ CMOS SMD,,https://songglow.com/components/crystals-oscillators-resonators-oscillators/ASE-12.000MHZ-L-C-T
KC2016K25.0000C1GE00,25.0000MHZ,LOW,name's part number and spec frequency disagree - verify manually,KYOCERA AVX XTAL OSC XO 25.0000MHZ CMOS SMD,,https://songglow.com/components/crystals-oscillators-resonators-oscillators/KC2016K25.0000C1GE00
KC2016K80.0000C1GE00,80.0000MHZ,LOW,name's part number and spec frequency disagree - verify manually,KYOCERA AVX XTAL OSC XO 80.0000MHZ CMOS SMD,,https://songglow.com/components/crystals-oscillators-resonators-oscillators/KC2016K80.0000C1GE00
KC2016K24.0000C1GE00,24.0000MHZ,LOW,name's part number and spec frequency disagree - verify manually,KYOCERA AVX XTAL OSC XO 24.0000MHZ CMOS SMD,,https://songglow.com/components/crystals-oscillators-resonators-oscillators/KC2016K24.0000C1GE00
ASV-25.000MHZ-EJ-T,25.0000MHZ,LOW,name's part number and spec frequency disagree - verify manually,Abracon LLC XTAL OSC XO 25.0000MHZ HCMOS SMD,,https://songglow.com/components/crystals-oscillators-resonators-oscillators/ASV-25.000MHZ-EJ-T
ASV-10.000MHZ-EJ-T,10.0000MHZ,LOW,name's part number and spec frequency disagree - verify manually,Abracon LLC XTAL OSC XO 10.0000MHZ HCMOS SMD,,https://songglow.com/components/crystals-oscillators-resonators-oscillators/ASV-10.000MHZ-EJ-T
ASE-33.333MHZ-L-C-T,33.3330MHZ,LOW,name's part number and spec frequency disagree - verify manually,Abracon LLC XTAL OSC XO 33.3330MHZ CMOS SMD,,https://songglow.com/components/crystals-oscillators-resonators-oscillators/ASE-33.333MHZ-L-C-T
CB3LV-3I-10M000000,10.0000MHZ,LOW,name's part number and spec frequency disagree - verify manually,CTS-Frequency Controls XTAL OSC XO 10.0000MHZ HCMOS TTL,,https://songglow.com/components/crystals-oscillators-resonators-oscillators/CB3LV-3I-10M000000
632L3I025M00000,25.0000MHZ,LOW,name's part number and spec frequency disagree - verify manually,CTS-Frequency Controls XTAL OSC XO 25.0000MHZ HCMOS SMD,,https://songglow.com/components/crystals-oscillators-resonators-oscillators/632L3I025M00000
CB3LV-3C-18M432000,18.4320MHZ,LOW,name's part number and spec frequency disagree - verify manually,CTS-Frequency Controls XTAL OSC XO 18.4320MHZ HCMOS TTL,,https://songglow.com/components/crystals-oscillators-resonators-oscillators/CB3LV-3C-18M432000
CB3LV-5I-25M000000,25.0000MHZ,LOW,name's part number and spec frequency disagree - verify manually,CTS-Frequency Controls XTAL OSC XO 25.0000MHZ HCMOS TTL,,https://songglow.com/components/crystals-oscillators-resonators-oscillators/CB3LV-5I-25M000000
CB3LV-3I-12M000000,12.0000MHZ,LOW,name's part number and spec frequency disagree - verify manually,CTS-Frequency Controls XTAL OSC XO 12.0000MHZ HCMOS TTL,,https://songglow.com/components/crystals-oscillators-resonators-oscillators/CB3LV-3I-12M000000
CB3LV-5I-20M000000,20.0000MHZ,LOW,name's part number and spec frequency disagree - verify manually,CTS-Frequency Controls XTAL OSC XO 20.0000MHZ HCMOS TTL,,https://songglow.com/components/crystals-oscillators-resonators-oscillators/CB3LV-5I-20M000000
CB3LV-3I-40M000000,40.0000MHZ,LOW,name's part number and spec frequency disagree - verify manually,CTS-Frequency Controls XTAL OSC XO 40.0000MHZ HCMOS TTL,,https://songglow.com/components/crystals-oscillators-resonators-oscillators/CB3LV-3I-40M000000
CB3LV-3I-20M000000,20.0000MHZ,LOW,name's part number and spec frequency disagree - verify manually,CTS-Frequency Controls XTAL OSC XO 20.0000MHZ HCMOS TTL,,https://songglow.com/components/crystals-oscillators-resonators-oscillators/CB3LV-3I-20M000000
ECS-2033-080-AU,8.0000MHZ,LOW,name's part number and spec frequency disagree - verify manually,ECS Inc. XTAL OSC XO 8.0000MHZ CMOS SMD,,https://songglow.com/components/crystals-oscillators-resonators-oscillators/ECS-2033-080-AU
ECS-3963-500-BN-TR,50.0000MHZ,LOW,name's part number and spec frequency disagree - verify manually,ECS Inc. XTAL OSC XO 50.0000MHZ HCMOS SMD,,https://songglow.com/components/crystals-oscillators-resonators-oscillators/ECS-3963-500-BN-TR
ECS-327ATQMV-AS-TR,32.7680KHZ,LOW,name's part number and spec frequency disagree - verify manually,ECS Inc. XTAL OSC XO 32.7680KHZ CMOS SMD,,https://songglow.com/components/crystals-oscillators-resonators-oscillators/ECS-327ATQMV-AS-TR
LFSPXO025165,25.0000MHZ,LOW,name's part number and spec frequency disagree - verify manually,IQD Frequency Products XTAL OSC XO 25.0000MHZ CMOS SMD,,https://songglow.com/components/crystals-oscillators-resonators-oscillators/LFSPXO025165
ECS-3963-250-BN-TR,25.0000MHZ,LOW,name's part number and spec frequency disagree - verify manually,ECS Inc. XTAL OSC XO 25.0000MHZ HCMOS SMD,,https://songglow.com/components/crystals-oscillators-resonators-oscillators/ECS-3963-250-BN-TR
ECS-3225MVQ-1000-CN-TR,100.0000MHZ,LOW,name's part number and spec frequency disagree - verify manually,ECS Inc. XTAL OSC XO 100.0000MHZ CMOS SMD,,https://songglow.com/components/crystals-oscillators-resonators-oscillators/ECS-3225MVQ-1000-CN-TR
ASE-20.000MHZ-L-C-T,20.0000MHZ,LOW,name's part number and spec frequency disagree - verify manually,Abracon LLC XTAL OSC XO 20.0000MHZ CMOS SMD,,https://songglow.com/components/crystals-oscillators-resonators-oscillators/ASE-20.000MHZ-L-C-T
CB3LV-3I-24M000000,24.0000MHZ,LOW,name's part number and spec frequency disagree - verify manually,CTS-Frequency Controls XTAL OSC XO 24.0000MHZ HCMOS TTL,,https://songglow.com/components/crystals-oscillators-resonators-oscillators/CB3LV-3I-24M000000
ECS-3963-480-BN-TR,48.0000MHZ,LOW,name's part number and spec frequency disagree - verify manually,ECS Inc. XTAL OSC XO 48.0000MHZ HCMOS SMD,,https://songglow.com/components/crystals-oscillators-resonators-oscillators/ECS-3963-480-BN-TR
MC2520Z25.0000C19XSH,25.0000MHZ,LOW,name's part number and spec frequency disagree - verify manually,KYOCERA AVX XTAL OSC XO 25.0000MHZ CMOS SMD,,https://songglow.com/components/crystals-oscillators-resonators-oscillators/MC2520Z25.0000C19XSH
MC2520Z12.0000C19XSH,12.0000MHZ,LOW,name's part number and spec frequency disagree - verify manually,KYOCERA AVX XTAL OSC XO 12.0000MHZ CMOS SMD,,https://songglow.com/components/crystals-oscillators-resonators-oscillators/MC2520Z12.0000C19XSH
MC2016Z25.0000C19XSH,25.0000MHZ,LOW,name's part number and spec frequency disagree - verify manually,KYOCERA AVX XTAL OSC XO 25.0000MHZ CMOS SMD,,https://songglow.com/components/crystals-oscillators-resonators-oscillators/MC2016Z25.0000C19XSH
MC2016Z24.0000C19XSH,24.0000MHZ,LOW,name's part number and spec frequency disagree - verify manually,KYOCERA AVX XTAL OSC XO 24.0000MHZ CMOS SMD,,https://songglow.com/components/crystals-oscillators-resonators-oscillators/MC2016Z24.0000C19XSH
MC2520Z33.3333C19XSH,33.3333MHZ,LOW,name's part number and spec frequency disagree - verify manually,KYOCERA AVX XTAL OSC XO 33.3333MHZ CMOS SMD,,https://songglow.com/components/crystals-oscillators-resonators-oscillators/MC2520Z33.3333C19XSH
MC2016Z20.0000C19XSH,20.0000MHZ,LOW,name's part number and spec frequency disagree - verify manually,KYOCERA AVX XTAL OSC XO 20.0000MHZ CMOS SMD,,https://songglow.com/components/crystals-oscillators-resonators-oscillators/MC2016Z20.0000C19XSH
ASAK-32.768KHZ-LRS-T,32.7680KHZ,LOW,name's part number and spec frequency disagree - verify manually,Abracon LLC XTAL OSC XO 32.7680KHZ LVCMOS,,https://songglow.com/components/crystals-oscillators-resonators-oscillators/ASAK-32.768KHZ-LRS-T
ECS-3225MVQ-1250-CN-TR,125.0000MHZ,LOW,name's part number and spec frequency disagree - verify manually,ECS Inc. XTAL OSC XO 125.0000MHZ CMOS SMD,,https://songglow.com/components/crystals-oscillators-resonators-oscillators/ECS-3225MVQ-1250-CN-TR
636L3C025M00000,25.0000MHZ,LOW,name's part number and spec frequency disagree - verify manually,CTS-Frequency Controls XTAL OSC XO 25.0000MHZ HCMOS,,https://songglow.com/components/crystals-oscillators-resonators-oscillators/636L3C025M00000
ECS-3953M-500-B-TR,50.0000MHZ,LOW,name's part number and spec frequency disagree - verify manually,ECS Inc. XTAL OSC XO 50.0000MHZ HCMOS SMD,,https://songglow.com/components/crystals-oscillators-resonators-oscillators/ECS-3953M-500-B-TR
LFSPXO072801,8.0000MHZ,LOW,name's part number and spec frequency disagree - verify manually,IQD Frequency Products XTAL OSC XO 8.0000MHZ HCMOS SMD,,https://songglow.com/components/crystals-oscillators-resonators-oscillators/LFSPXO072801
CB3-3C-4M000000,4.0000MHZ,LOW,name's part number and spec frequency disagree - verify manually,CTS-Frequency Controls XTAL OSC XO 4.0000MHZ HCMOS TTL,,https://songglow.com/components/crystals-oscillators-resonators-oscillators/CB3-3C-4M000000
ECS-3953M-400-BN-TR,40.0000MHZ,LOW,name's part number and spec frequency disagree - verify manually,ECS Inc. XTAL OSC XO 40.0000MHZ HCMOS SMD,,https://songglow.com/components/crystals-oscillators-resonators-oscillators/ECS-3953M-400-BN-TR
ASDK-32.768KHZ-LRT,32.7680KHZ,LOW,name's part number and spec frequency disagree - verify manually,Abracon LLC XTAL OSC XO 32.7680KHZ CMOS SMD,,https://songglow.com/components/crystals-oscillators-resonators-oscillators/ASDK-32.768KHZ-LRT
CB3LV-3I-66M000000,66.0000MHZ,LOW,name's part number and spec frequency disagree - verify manually,CTS-Frequency Controls XTAL OSC XO 66.0000MHZ HCMOS TTL,,https://songglow.com/components/crystals-oscillators-resonators-oscillators/CB3LV-3I-66M000000
ECS-3961-160-AU-TR,16.0000MHZ,LOW,name's part number and spec frequency disagree - verify manually,ECS Inc. XTAL OSC XO 16.0000MHZ HCMOS SMD,,https://songglow.com/components/crystals-oscillators-resonators-oscillators/ECS-3961-160-AU-TR
636L3C024M00000,24.0000MHZ,LOW,name's part number and spec frequency disagree - verify manually,CTS-Frequency Controls XTAL OSC XO 24.0000MHZ HCMOS,,https://songglow.com/components/crystals-oscillators-resonators-oscillators/636L3C024M00000
CB3-3C-20M000000,20.0000MHZ,LOW,name's part number and spec frequency disagree - verify manually,CTS-Frequency Controls XTAL OSC XO 20.0000MHZ HCMOS TTL,,https://songglow.com/components/crystals-oscillators-resonators-oscillators/CB3-3C-20M000000
TC25L5I32K7680,32.7680KHZ,LOW,name's part number and spec frequency disagree - verify manually,CTS-Frequency Controls XTAL OSC XO 32.7680KHZ CMOS SMD,,https://songglow.com/components/crystals-oscillators-resonators-oscillators/TC25L5I32K7680
625L3C040M00000,40.0000MHZ,LOW,name's part number and spec frequency disagree - verify manually,CTS-Frequency Controls XTAL OSC XO 40.0000MHZ CMOS SMD,,https://songglow.com/components/crystals-oscillators-resonators-oscillators/625L3C040M00000
831055678,25.0000MHZ,LOW,name's part number and spec frequency disagree - verify manually,Würth Elektronik XTAL OSC XO 25.0000MHZ CMOS,,https://songglow.com/components/crystals-oscillators-resonators-oscillators/831055678
ECS-3953M-500-BN-TR,50.0000MHZ,LOW,name's part number and spec frequency disagree - verify manually,ECS Inc. XTAL OSC XO 50.0000MHZ HCMOS SMD,,https://songglow.com/components/crystals-oscillators-resonators-oscillators/ECS-3953M-500-BN-TR
CB3LV-3I-64M000000,64.0000MHZ,LOW,name's part number and spec frequency disagree - verify manually,CTS-Frequency Controls XTAL OSC XO 64.0000MHZ HCMOS TTL,,https://songglow.com/components/crystals-oscillators-resonators-oscillators/CB3LV-3I-64M000000
ASV-50.000MHZ-EJ-T,50.0000MHZ,LOW,name's part number and spec frequency disagree - verify manually,Abracon LLC XTAL OSC XO 50.0000MHZ HCMOS SMD,,https://songglow.com/components/crystals-oscillators-resonators-oscillators/ASV-50.000MHZ-EJ-T
ECS-2520MVLC-600-BN-TR,60.0000MHZ,LOW,name's part number and spec frequency disagree - verify manually,ECS Inc. XTAL OSC XO 60.0000MHZ CMOS SMD,,https://songglow.com/components/crystals-oscillators-resonators-oscillators/ECS-2520MVLC-600-BN-TR
ECS-3951M-040-BN-TR,4.0000MHZ,LOW,name's part number and spec frequency disagree - verify manually,ECS Inc. XTAL OSC XO 4.0000MHZ HCMOS SMD,,https://songglow.com/components/crystals-oscillators-resonators-oscillators/ECS-3951M-040-BN-TR
ECS-2016MV-250-CN-TR,25.0000MHZ,LOW,name's part number and spec frequency disagree - verify manually,ECS Inc. XTAL OSC XO 25.0000MHZ CMOS SMD,,https://songglow.com/components/crystals-oscillators-resonators-oscillators/ECS-2016MV-250-CN-TR
ECS-TXO-20CSMV4-320-AY-TR,32.0000MHZ,LOW,name's part number and spec frequency disagree - verify manually,ECS Inc. XTAL OSC TCXO 32.0000MHZ CLPSW,,https://songglow.com/components/crystals-oscillators-resonators-oscillators/ECS-TXO-20CSMV4-320-AY-TR
ECS-TXO-20CSMV4-260-AN-TR,26.0000MHZ,LOW,name's part number and spec frequency disagree - verify manually,ECS Inc. XTAL OSC TCXO 26.0000MHZ CLPSW,,https://songglow.com/components/crystals-oscillators-resonators-oscillators/ECS-TXO-20CSMV4-260-AN-TR
ECS-1612MV-240-CN-TR,24.0000MHZ,LOW,name's part number and spec frequency disagree - verify manually,ECS Inc. XTAL OSC XO 24.0000MHZ CMOS SMD,,https://songglow.com/components/crystals-oscillators-resonators-oscillators/ECS-1612MV-240-CN-TR
ECS-2033-200-AU,20.0000MHZ,LOW,name's part number and spec frequency disagree - verify manually,ECS Inc. XTAL OSC XO 20.0000MHZ CMOS SMD,,https://songglow.com/components/crystals-oscillators-resonators-oscillators/ECS-2033-200-AU
7XZ-32.768KBE-T,32.7680KHZ,LOW,name's part number and spec frequency disagree - verify manually,TXC CORPORATION XTAL OSC XO 32.7680KHZ CMOS SMD,,https://songglow.com/components/crystals-oscillators-resonators-oscillators/7XZ-32.768KBE-T
ECS-2018-250-BN,25.0000MHZ,LOW,name's part number and spec frequency disagree - verify manually,ECS Inc. XTAL OSC XO 25.0000MHZ HCMOS SMD,,https://songglow.com/components/crystals-oscillators-resonators-oscillators/ECS-2018-250-BN
ECS-1612MV-250-CN-TR,25.0000MHZ,LOW,name's part number and spec frequency disagree - verify manually,ECS Inc. XTAL OSC XO 25.0000MHZ CMOS SMD,,https://songglow.com/components/crystals-oscillators-resonators-oscillators/ECS-1612MV-250-CN-TR
ECS-1612MV-192-CN-TR,19.2000MHZ,LOW,name's part number and spec frequency disagree - verify manually,ECS Inc. XTAL OSC XO 19.2000MHZ CMOS SMD,,https://songglow.com/components/crystals-oscillators-resonators-oscillators/ECS-1612MV-192-CN-TR
ECS-3953M-480-B-TR,48.0000MHZ,LOW,name's part number and spec frequency disagree - verify manually,ECS Inc. XTAL OSC XO 48.0000MHZ HCMOS SMD,,https://songglow.com/components/crystals-oscillators-resonators-oscillators/ECS-3953M-480-B-TR
ECS-1612MV-500-CN-TR,50.0000MHZ,LOW,name's part number and spec frequency disagree - verify manually,ECS Inc. XTAL OSC XO 50.0000MHZ CMOS SMD,,https://songglow.com/components/crystals-oscillators-resonators-oscillators/ECS-1612MV-500-CN-TR
ECS-3953M-100-AU-TR,10.0000MHZ,LOW,name's part number and spec frequency disagree - verify manually,ECS Inc. XTAL OSC XO 10.0000MHZ HCMOS SMD,,https://songglow.com/components/crystals-oscillators-resonators-oscillators/ECS-3953M-100-AU-TR
OV-7604-C7-32.768KHZ-20PPM-TA-QC,32.7680KHZ,LOW,name's part number and spec frequency disagree - verify manually,Micro Crystal AG XTAL OSC XO 32.7680KHZ SMD,,https://songglow.com/components/crystals-oscillators-resonators-oscillators/OV-7604-C7-32.768KHZ-20PPM-TA-QC
ASFL1-25.000MHZ-L-T,25.0000MHZ,LOW,name's part number and spec frequency disagree - verify manually,Abracon LLC XTAL OSC XO 25.0000MHZ HCMOS TTL,,https://songglow.com/components/crystals-oscillators-resonators-oscillators/ASFL1-25.000MHZ-L-T
ECS-3953M-250-BN-TR,25.0000MHZ,LOW,name's part number and spec frequency disagree - verify manually,ECS Inc. XTAL OSC XO 25.0000MHZ HCMOS SMD,,https://songglow.com/components/crystals-oscillators-resonators-oscillators/ECS-3953M-250-BN-TR
ECS-3518-500-B-TR,50.0000MHZ,LOW,name's part number and spec frequency disagree - verify manually,ECS Inc. XTAL OSC XO 50.0000MHZ HCMOS SMD,,https://songglow.com/components/crystals-oscillators-resonators-oscillators/ECS-3518-500-B-TR
LFSPXO019987,50.0000MHZ,LOW,name's part number and spec frequency disagree - verify manually,IQD Frequency Products XTAL OSC XO 50.0000MHZ HCMOS SMD,,https://songglow.com/components/crystals-oscillators-resonators-oscillators/LFSPXO019987
LFSPXO018044,50.0000MHZ,LOW,name's part number and spec frequency disagree - verify manually,IQD Frequency Products XTAL OSC XO 50.0000MHZ HCMOS SMD,,https://songglow.com/components/crystals-oscillators-resonators-oscillators/LFSPXO018044
LFSPXO018042,40.0000MHZ,LOW,name's part number and spec frequency disagree - verify manually,IQD Frequency Products XTAL OSC XO 40.0000MHZ HCMOS SMD,,https://songglow.com/components/crystals-oscillators-resonators-oscillators/LFSPXO018042
ASE-7.3728MHZ-L-C-T,7.3728MHZ,LOW,name's part number and spec frequency disagree - verify manually,Abracon LLC XTAL OSC XO 7.3728MHZ CMOS SMD,,https://songglow.com/components/crystals-oscillators-resonators-oscillators/ASE-7.3728MHZ-L-C-T
CB3LV-3C-80M000000,80.0000MHZ,LOW,name's part number and spec frequency disagree - verify manually,CTS-Frequency Controls XTAL OSC XO 80.0000MHZ HCMOS TTL,,https://songglow.com/components/crystals-oscillators-resonators-oscillators/CB3LV-3C-80M000000
ASEK-32.768KHZ-L-R-T,32.7680KHZ,LOW,name's part number and spec frequency disagree - verify manually,Abracon LLC XTAL OSC XO 32.7680KHZ CMOS SMD,,https://songglow.com/components/crystals-oscillators-resonators-oscillators/ASEK-32.768KHZ-L-R-T
LFSPXO073707,32.7680KHZ,LOW,name's part number and spec frequency disagree - verify manually,IQD Frequency Products XTAL OSC XO 32.7680KHZ CMOS SMD,,https://songglow.com/components/crystals-oscillators-resonators-oscillators/LFSPXO073707
ASEAIG-16.000MHZ-C-S-T,16.000MHZ,LOW,name's part number and spec frequency disagree - verify manually,Abracon LLC OSC XO 16.000MHZ 3.3V CMOS SMD,,https://songglow.com/components/crystals-oscillators-resonators-oscillators/ASEAIG-16.000MHZ-C-S-T
ECS-1612MV-080-CN-TR,8.0000MHZ,LOW,name's part number and spec frequency disagree - verify manually,ECS Inc. XTAL OSC XO 8.0000MHZ CMOS SMD,,https://songglow.com/components/crystals-oscillators-resonators-oscillators/ECS-1612MV-080-CN-TR
ASFL1-24.000MHZ-EC-T,24.0000MHZ,LOW,name's part number and spec frequency disagree - verify manually,Abracon LLC XTAL OSC XO 24.0000MHZ HCMOS TTL,,https://songglow.com/components/crystals-oscillators-resonators-oscillators/ASFL1-24.000MHZ-EC-T
ECS-3961-200-AU-TR,20.0000MHZ,LOW,name's part number and spec frequency disagree - verify manually,ECS Inc. XTAL OSC XO 20.0000MHZ HCMOS SMD,,https://songglow.com/components/crystals-oscillators-resonators-oscillators/ECS-3961-200-AU-TR
ASFL1-25.000MHZ-EC-T,25.0000MHZ,LOW,name's part number and spec frequency disagree - verify manually,Abracon LLC XTAL OSC XO 25.0000MHZ HCMOS TTL,,https://songglow.com/components/crystals-oscillators-resonators-oscillators/ASFL1-25.000MHZ-EC-T
ECS-3953M-240-BN-TR,24.0000MHZ,LOW,name's part number and spec frequency disagree - verify manually,ECS Inc. XTAL OSC XO 24.0000MHZ HCMOS SMD,,https://songglow.com/components/crystals-oscillators-resonators-oscillators/ECS-3953M-240-BN-TR
ECS-TXO-20CSMV-320-EY-TR,32.0000MHZ,LOW,name's part number and spec frequency disagree - verify manually,ECS Inc. XTAL OSC TCXO 32.0000MHZ CLP SNW,,https://songglow.com/components/crystals-oscillators-resonators-oscillators/ECS-TXO-20CSMV-320-EY-TR
ECS-3953M-100-BN-TR,10.0000MHZ,LOW,name's part number and spec frequency disagree - verify manually,ECS Inc. XTAL OSC XO 10.0000MHZ HCMOS SMD,,https://songglow.com/components/crystals-oscillators-resonators-oscillators/ECS-3953M-100-BN-TR
END4263D-32M,32.0000MHZ,LOW,name's part number and spec frequency disagree - verify manually,"NDK (NIHON DEMPA KOGYO CO., LTD) XTAL OSC TCXO 32.0000MHZ SMD",,https://songglow.com/components/crystals-oscillators-resonators-oscillators/END4263D-32M
ASFL1-8.000MHZ-EC-T,8.0000MHZ,LOW,name's part number and spec frequency disagree - verify manually,Abracon LLC XTAL OSC XO 8.0000MHZ HCMOS TTL,,https://songglow.com/components/crystals-oscillators-resonators-oscillators/ASFL1-8.000MHZ-EC-T
ECS-327MV-CN-TR,32.7680KHZ,LOW,name's part number and spec frequency disagree - verify manually,ECS Inc. XTAL OSC XO 32.7680KHZ CMOS SMD,,https://songglow.com/components/crystals-oscillators-resonators-oscillators/ECS-327MV-CN-TR
ECS-3953M-200-BN-TR,20.0000MHZ,LOW,name's part number and spec frequency disagree - verify manually,ECS Inc. XTAL OSC XO 20.0000MHZ HCMOS SMD,,https://songglow.com/components/crystals-oscillators-resonators-oscillators/ECS-3953M-200-BN-TR
ECS-TXO-25CSMV-320-DY-TR,32.0000MHZ,LOW,name's part number and spec frequency disagree - verify manually,ECS Inc. XTAL OSC TCXO 32.0000MHZ CLPSNW,,https://songglow.com/components/crystals-oscillators-resonators-oscillators/ECS-TXO-25CSMV-320-DY-TR
ECS-3963-160-AU-TR,16.0000MHZ,LOW,name's part number and spec frequency disagree - verify manually,ECS Inc. XTAL OSC XO 16.0000MHZ HCMOS SMD,,https://songglow.com/components/crystals-oscillators-resonators-oscillators/ECS-3963-160-AU-TR
ECS-3961-040-AU-TR,4.0000MHZ,LOW,name's part number and spec frequency disagree - verify manually,ECS Inc. XTAL OSC XO 4.0000MHZ HCMOS SMD,,https://songglow.com/components/crystals-oscillators-resonators-oscillators/ECS-3961-040-AU-TR
ASDK2-32.768KHZ-LR-T3,32.7680KHZ,LOW,name's part number and spec frequency disagree - verify manually,Abracon LLC XTAL OSC XO 32.7680KHZ CMOS SMD,,https://songglow.com/components/crystals-oscillators-resonators-oscillators/ASDK2-32.768KHZ-LR-T3
OV-7604-C7-32.768KHZ-20PPM-TB-QA,32.7680KHZ,LOW,name's part number and spec frequency disagree - verify manually,Micro Crystal AG XTAL OSC XO 32.7680KHZ SMD,,https://songglow.com/components/crystals-oscillators-resonators-oscillators/OV-7604-C7-32.768KHZ-20PPM-TB-QA
CSX-750FBC8000000T,8.0000MHZ,LOW,name's part number and spec frequency disagree - verify manually,Citizen Finedevice Co Ltd XTAL OSC XO 8.0000MHZ CMOS SMD,,https://songglow.com/components/crystals-oscillators-resonators-oscillators/CSX-750FBC8000000T
CSX-750FCC10000000T,10.0000MHZ,LOW,name's part number and spec frequency disagree - verify manually,Citizen Finedevice Co Ltd XTAL OSC XO 10.0000MHZ CMOS TTL,,https://songglow.com/components/crystals-oscillators-resonators-oscillators/CSX-750FCC10000000T
CSX-750FBC12000000T,12.0000MHZ,LOW,name's part number and spec frequency disagree - verify manually,Citizen Finedevice Co Ltd XTAL OSC XO 12.0000MHZ CMOS SMD,,https://songglow.com/components/crystals-oscillators-resonators-oscillators/CSX-750FBC12000000T
CSX-750FBC25000000T,25.0000MHZ,LOW,name's part number and spec frequency disagree - verify manually,Citizen Finedevice Co Ltd XTAL OSC XO 25.0000MHZ CMOS SMD,,https://songglow.com/components/crystals-oscillators-resonators-oscillators/CSX-750FBC25000000T
ASV-125.000MHZ-EC-T,125.0000MHZ,LOW,name's part number and spec frequency disagree - verify manually,Abracon LLC XTAL OSC XO 125.0000MHZ HCMOS,,https://songglow.com/components/crystals-oscillators-resonators-oscillators/ASV-125.000MHZ-EC-T
ECS-3963-250-AU-TR,25.0000MHZ,LOW,name's part number and spec frequency disagree - verify manually,ECS Inc. XTAL OSC XO 25.0000MHZ HCMOS SMD,,https://songglow.com/components/crystals-oscillators-resonators-oscillators/ECS-3963-250-AU-TR
ECS-TXO-32CSMV-400-BN-TR,40.0000MHZ,LOW,name's part number and spec frequency disagree - verify manually,ECS Inc. XTAL OSC TCXO 40.0000MHZ CLPSNW,,https://songglow.com/components/crystals-oscillators-resonators-oscillators/ECS-TXO-32CSMV-400-BN-TR
ECS-TXO-3225MV-122.8-TR,12.288MHZ,LOW,name's part number and spec frequency disagree - verify manually,ECS Inc. XTAL OSC TCXO 12.288MHZ HCMOS,,https://songglow.com/components/crystals-oscillators-resonators-oscillators/ECS-TXO-3225MV-122.8-TR
ECS-327KE-TR,32.7680KHZ,LOW,name's part number and spec frequency disagree - verify manually,ECS Inc. XTAL OSC XO 32.7680KHZ CMOS SMD,,https://songglow.com/components/crystals-oscillators-resonators-oscillators/ECS-327KE-TR
ECS-2520S33-160-FN-TR,16.0000MHZ,LOW,name's part number and spec frequency disagree - verify manually,ECS Inc. XTAL OSC XO 16.0000MHZ HCMOS SMD,,https://songglow.com/components/crystals-oscillators-resonators-oscillators/ECS-2520S33-160-FN-TR
ECS-2520S33-240-FN-TR,24.0000MHZ,LOW,name's part number and spec frequency disagree - verify manually,ECS Inc. XTAL OSC XO 24.0000MHZ HCMOS SMD,,https://songglow.com/components/crystals-oscillators-resonators-oscillators/ECS-2520S33-240-FN-TR
ECS-2520S33-500-FN-TR,50.0000MHZ,LOW,name's part number and spec frequency disagree - verify manually,ECS Inc. XTAL OSC XO 50.0000MHZ HCMOS SMD,,https://songglow.com/components/crystals-oscillators-resonators-oscillators/ECS-2520S33-500-FN-TR
ECS-2520S33-250-EN-TR,25.0000MHZ,LOW,name's part number and spec frequency disagree - verify manually,ECS Inc. XTAL OSC XO 25.0000MHZ HCMOS SMD,,https://songglow.com/components/crystals-oscillators-resonators-oscillators/ECS-2520S33-250-EN-TR
ECS-2520S33-120-FN-TR,12.0000MHZ,LOW,name's part number and spec frequency disagree - verify manually,ECS Inc. XTAL OSC XO 12.0000MHZ HCMOS SMD,,https://songglow.com/components/crystals-oscillators-resonators-oscillators/ECS-2520S33-120-FN-TR
TXEABLSANF-24.000000,24.0000MHZ,LOW,name's part number and spec frequency disagree - verify manually,Taitien XTAL OSC VCTCXO 24.0000MHZ SNWV,,https://songglow.com/components/crystals-oscillators-resonators-oscillators/TXEABLSANF-24.000000
ECS-TXO-2520-33-320-AN-TR,32.0000MHZ,LOW,name's part number and spec frequency disagree - verify manually,ECS Inc. XTAL OSC TCXO 32.0000MHZ HCMOS,,https://songglow.com/components/crystals-oscillators-resonators-oscillators/ECS-TXO-2520-33-320-AN-TR
ASCO2-24.000MHZ-EK-T3,24.0000MHZ,LOW,name's part number and spec frequency disagree - verify manually,Abracon LLC XTAL OSC XO 24.0000MHZ CMOS SMD,,https://songglow.com/components/crystals-oscillators-resonators-oscillators/ASCO2-24.000MHZ-EK-T3
ASCO-25.000MHZ-EK-T3,25.0000MHZ,LOW,name's part number and spec frequency disagree - verify manually,Abracon LLC XTAL OSC XO 25.0000MHZ CMOS SMD,,https://songglow.com/components/crystals-oscillators-resonators-oscillators/ASCO-25.000MHZ-EK-T3
MC2016K24.0000C16ESH,24.0000MHZ,LOW,name's part number and spec frequency disagree - verify manually,KYOCERA AVX XTAL OSC XO 24.0000MHZ CMOS SMD,,https://songglow.com/components/crystals-oscillators-resonators-oscillators/MC2016K24.0000C16ESH
ASCO-24.000MHZ-EK-T3,24.0000MHZ,LOW,name's part number and spec frequency disagree - verify manually,Abracon LLC XTAL OSC XO 24.0000MHZ CMOS SMD,,https://songglow.com/components/crystals-oscillators-resonators-oscillators/ASCO-24.000MHZ-EK-T3
ASCO-8.000MHZ-EK-T3,8.0000MHZ,LOW,name's part number and spec frequency disagree - verify manually,Abracon LLC XTAL OSC XO 8.0000MHZ CMOS SMD,,https://songglow.com/components/crystals-oscillators-resonators-oscillators/ASCO-8.000MHZ-EK-T3
TXETDDSANF-30.000000,30.0000MHZ,LOW,name's part number and spec frequency disagree - verify manually,Taitien XTAL OSC TCXO 30.0000MHZ SNWV,,https://songglow.com/components/crystals-oscillators-resonators-oscillators/TXETDDSANF-30.000000
MC2016K25.0000C16ESH,25.0000MHZ,LOW,name's part number and spec frequency disagree - verify manually,KYOCERA AVX XTAL OSC XO 25.0000MHZ CMOS SMD,,https://songglow.com/components/crystals-oscillators-resonators-oscillators/MC2016K25.0000C16ESH
TXETBLSANF-40.000000,40.0000MHZ,LOW,name's part number and spec frequency disagree - verify manually,Taitien XTAL OSC TCXO 40.0000MHZ SNWV,,https://songglow.com/components/crystals-oscillators-resonators-oscillators/TXETBLSANF-40.000000
TXEABLSANF-26.000000,26.0000MHZ,LOW,name's part number and spec frequency disagree - verify manually,Taitien XTAL OSC VCTCXO 26.0000MHZ SNWV,,https://songglow.com/components/crystals-oscillators-resonators-oscillators/TXEABLSANF-26.000000
ECS-2520SMV-192-FP-TR,19.2000MHZ,LOW,name's part number and spec frequency disagree - verify manually,ECS Inc. XTAL OSC XO 19.2000MHZ HCMOS SMD,,https://songglow.com/components/crystals-oscillators-resonators-oscillators/ECS-2520SMV-192-FP-TR
ECS-2520SMV-250-FP-TR,25.0000MHZ,LOW,name's part number and spec frequency disagree - verify manually,ECS Inc. XTAL OSC XO 25.0000MHZ HCMOS SMD,,https://songglow.com/components/crystals-oscillators-resonators-oscillators/ECS-2520SMV-250-FP-TR
SG5032CAN 25.000000M-TJGA3,25.0000MHZ,LOW,name's part number and spec frequency disagree - verify manually,EPSON XTAL OSC XO 25.0000MHZ CMOS SMD,,https://songglow.com/components/crystals-oscillators-resonators-oscillators/SG5032CAN-25.000000M-TJGA3
SG5032CAN 50.000000M-TJGA3,50.0000MHZ,LOW,name's part number and spec frequency disagree - verify manually,EPSON XTAL OSC XO 50.0000MHZ CMOS SMD,,https://songglow.com/components/crystals-oscillators-resonators-oscillators/SG5032CAN-50.000000M-TJGA3
SG5032CAN 24.000000M-TJGA3,24.0000MHZ,LOW,name's part number and spec frequency disagree - verify manually,EPSON XTAL OSC XO 24.0000MHZ CMOS SMD,,https://songglow.com/components/crystals-oscillators-resonators-oscillators/SG5032CAN-24.000000M-TJGA3
ECS-TXO-3225-250-TR,25.0000MHZ,LOW,name's part number and spec frequency disagree - verify manually,ECS Inc. XTAL OSC TCXO 25.0000MHZ HCMOS,,https://songglow.com/components/crystals-oscillators-resonators-oscillators/ECS-TXO-3225-250-TR
357LB3I027M0000,27.0000MHZ,LOW,name's part number and spec frequency disagree - verify manually,CTS-Frequency Controls XTAL OSC VCXO 27.0000MHZ HCMOS,,https://songglow.com/components/crystals-oscillators-resonators-oscillators/357LB3I027M0000
SG-210STF 25.0000ML3,25.0000MHZ,LOW,name's part number and spec frequency disagree - verify manually,EPSON XTAL OSC XO 25.0000MHZ CMOS SMD,,https://songglow.com/components/crystals-oscillators-resonators-oscillators/SG-210STF-25.0000ML3
SG-210STF 16.0000ML,16.0000MHZ,LOW,name's part number and spec frequency disagree - verify manually,EPSON XTAL OSC XO 16.0000MHZ CMOS SMD,,https://songglow.com/components/crystals-oscillators-resonators-oscillators/SG-210STF-16.0000ML
SG-210STF 27.0000ML,27.0000MHZ,LOW,name's part number and spec frequency disagree - verify manually,EPSON XTAL OSC XO 27.0000MHZ CMOS SMD,,https://songglow.com/components/crystals-oscillators-resonators-oscillators/SG-210STF-27.0000ML
ECS-TXO-3225-122.8-TR,12.2880MHZ,LOW,name's part number and spec frequency disagree - verify manually,ECS Inc. XTAL OSC TCXO 12.2880MHZ HCMOS,,https://songglow.com/components/crystals-oscillators-resonators-oscillators/ECS-TXO-3225-122.8-TR
MAX7375AXR105+T,1.0000MHZ,LOW,name's part number and spec frequency disagree - verify manually,Analog Devices Inc./Maxim Integrated MEMS OSC XO 1.0000MHZ CMOS SMD,,https://songglow.com/components/crystals-oscillators-resonators-oscillators/MAX7375AXR105-T
MAX7375AXR805+T,8.0000MHZ,LOW,name's part number and spec frequency disagree - verify manually,Analog Devices Inc./Maxim Integrated MEMS OSC XO 8.0000MHZ CMOS SMD,,https://songglow.com/components/crystals-oscillators-resonators-oscillators/MAX7375AXR805-T
ASDDV-25.000MHZ-LR-T,25.000MHZ,LOW,name's part number and spec frequency disagree - verify manually,Abracon LLC OSC XO 25.000MHZ CMOS SMD,,https://songglow.com/components/crystals-oscillators-resonators-oscillators/ASDDV-25.000MHZ-LR-T
SG-210STF 25.0000MS3,25.0000MHZ,LOW,name's part number and spec frequency disagree - verify manually,EPSON XTAL OSC XO 25.0000MHZ CMOS SMD,,https://songglow.com/components/crystals-oscillators-resonators-oscillators/SG-210STF-25.0000MS3
ECS-TXO-3225-160-TR,16.0000MHZ,LOW,name's part number and spec frequency disagree - verify manually,ECS Inc. XTAL OSC TCXO 16.0000MHZ HCMOS,,https://songglow.com/components/crystals-oscillators-resonators-oscillators/ECS-TXO-3225-160-TR
ECS-TXO-2520-33-240-AN-TR,24.0000MHZ,LOW,name's part number and spec frequency disagree - verify manually,ECS Inc. XTAL OSC TCXO 24.0000MHZ HCMOS,,https://songglow.com/components/crystals-oscillators-resonators-oscillators/ECS-TXO-2520-33-240-AN-TR
ASDMB-24.000MHZ-LC-T,24.0000MHZ,LOW,name's part number and spec frequency disagree - verify manually,Abracon LLC MEMS OSC XO 24.0000MHZ LVCMOS,,https://songglow.com/components/crystals-oscillators-resonators-oscillators/ASDMB-24.000MHZ-LC-T
ECS-TXO-2520-33-250-AN-TR,25.0000MHZ,LOW,name's part number and spec frequency disagree - verify manually,ECS Inc. XTAL OSC TCXO 25.0000MHZ HCMOS,,https://songglow.com/components/crystals-oscillators-resonators-oscillators/ECS-TXO-2520-33-250-AN-TR
ASDMB-33.333MHZ-LC-T,33.3330MHZ,LOW,name's part number and spec frequency disagree - verify manually,Abracon LLC MEMS OSC XO 33.3330MHZ LVCMOS,,https://songglow.com/components/crystals-oscillators-resonators-oscillators/ASDMB-33.333MHZ-LC-T
ASH7KW-32.768KHZ-L-T,32.7680KHZ,LOW,name's part number and spec frequency disagree - verify manually,Abracon LLC XTAL OSC XO 32.7680KHZ CMOS SMD,,https://songglow.com/components/crystals-oscillators-resonators-oscillators/ASH7KW-32.768KHZ-L-T
TYETBLSANF-40.000000,40.0000MHZ,LOW,name's part number and spec frequency disagree - verify manually,Taitien XTAL OSC TCXO 40.0000MHZ SNWV,,https://songglow.com/components/crystals-oscillators-resonators-oscillators/TYETBLSANF-40.000000
FT5HNBPK25.0-T1,25.0000MHZ,LOW,name's part number and spec frequency disagree - verify manually,Fox Electronics XTAL OSC TCXO 25.0000MHZ HCMOS,,https://songglow.com/components/crystals-oscillators-resonators-oscillators/FT5HNBPK25.0-T1
FT5HNBPK20.0-T1,20.0000MHZ,LOW,name's part number and spec frequency disagree - verify manually,Fox Electronics XTAL OSC TCXO 20.0000MHZ HCMOS,,https://songglow.com/components/crystals-oscillators-resonators-oscillators/FT5HNBPK20.0-T1
TYETBCSANF-32.000000,32.0000MHZ,LOW,name's part number and spec frequency disagree - verify manually,Taitien XTAL OSC TCXO 32.0000MHZ SNWV,,https://songglow.com/components/crystals-oscillators-resonators-oscillators/TYETBCSANF-32.000000
TYETBLSANF-38.400000,38.4000MHZ,LOW,name's part number and spec frequency disagree - verify manually,Taitien XTAL OSC TCXO 38.4000MHZ SNWV,,https://songglow.com/components/crystals-oscillators-resonators-oscillators/TYETBLSANF-38.400000
TXETALSANF-26.000000,26.0000MHZ,LOW,name's part number and spec frequency disagree - verify manually,Taitien XTAL OSC TCXO 26.0000MHZ SNWV,,https://songglow.com/components/crystals-oscillators-resonators-oscillators/TXETALSANF-26.000000
COM1305-50.000-EXT-T-TR,,MANUAL_PARSE,could not parse a part number from the name,Raltron Electronics XTAL OSC XO 50MHZ HCMOS SMD,,https://songglow.com/components/crystals-oscillators-resonators-oscillators/COM1305-50.000-EXT-T-TR
ECS-2520MVLC-250-BP-TR,,MANUAL_PARSE,could not parse a part number from the name,ECS Inc. XTAL OSC XO 25MHZ CMOS SMD,,https://songglow.com/components/crystals-oscillators-resonators-oscillators/ECS-2520MVLC-250-BP-TR
ECS-2520MVLC-080-BN-TR,,MANUAL_PARSE,could not parse a part number from the name,ECS Inc. XTAL OSC XO 8.0MHZ CMOS SMD,,https://songglow.com/components/crystals-oscillators-resonators-oscillators/ECS-2520MVLC-080-BN-TR
ECS-2520MVLC-250-BN-TR,,MANUAL_PARSE,could not parse a part number from the name,ECS Inc. XTAL OSC XO 25MHZ CMOS SMD,,https://songglow.com/components/crystals-oscillators-resonators-oscillators/ECS-2520MVLC-250-BN-TR
ECS-2520MVLC-100-BN-TR,,MANUAL_PARSE,could not parse a part number from the name,ECS Inc. XTAL OSC XO 10MHZ CMOS SMD,,https://songglow.com/components/crystals-oscillators-resonators-oscillators/ECS-2520MVLC-100-BN-TR
ECS-2520MVLC-160-BN-TR,,MANUAL_PARSE,could not parse a part number from the name,ECS Inc. XTAL OSC XO 16MHZ CMOS SMD,,https://songglow.com/components/crystals-oscillators-resonators-oscillators/ECS-2520MVLC-160-BN-TR
ECS-2016MVQ-240-BS-TR,,MANUAL_PARSE,could not parse a part number from the name,ECS Inc. OSC XO 24MHZ CMOS SMD,,https://songglow.com/components/crystals-oscillators-resonators-oscillators/ECS-2016MVQ-240-BS-TR
ECS-2016MVQ-250-BS-TR,,MANUAL_PARSE,could not parse a part number from the name,ECS Inc. OSC XO 25MHZ CMOS SMD,,https://songglow.com/components/crystals-oscillators-resonators-oscillators/ECS-2016MVQ-250-BS-TR
ECS-TXO-2016-33-250-TR,,MANUAL_PARSE,could not parse a part number from the name,ECS Inc. XTAL OSC TCXO 25MHZ 3.3V SMD,,https://songglow.com/components/crystals-oscillators-resonators-oscillators/ECS-TXO-2016-33-250-TR
ECS-TXO-2520MV-500-AN-TR,,MANUAL_PARSE,could not parse a part number from the name,ECS Inc. XTAL OSC TCXO 50MHZ CMOS SMD,,https://songglow.com/components/crystals-oscillators-resonators-oscillators/ECS-TXO-2520MV-500-AN-TR
ECS-TXO-2520MV-120-AN-TR,,MANUAL_PARSE,could not parse a part number from the name,ECS Inc. XTAL OSC TCXO 12MHZ CMOS SMD,,https://songglow.com/components/crystals-oscillators-resonators-oscillators/ECS-TXO-2520MV-120-AN-TR
ECS-TXO-25CSMV-320-BM-TR,,MANUAL_PARSE,could not parse a part number from the name,ECS Inc. XTAL OSC TCXO 32MHZ CLPSNW SMD,,https://songglow.com/components/crystals-oscillators-resonators-oscillators/ECS-TXO-25CSMV-320-BM-TR
ECS-TXO-2016-33-320-TR,,MANUAL_PARSE,could not parse a part number from the name,ECS Inc. XTAL OSC TCXO 32MHZ 3.3V SMD,,https://songglow.com/components/crystals-oscillators-resonators-oscillators/ECS-TXO-2016-33-320-TR
ECS-2520SMV-080-FN-TR,,MANUAL_PARSE,could not parse a part number from the name,ECS Inc. XTAL OSC XO 8MHZ HCMOS SMD,,https://songglow.com/components/crystals-oscillators-resonators-oscillators/ECS-2520SMV-080-FN-TR
ECS-TXO-2016MV-500-TR,,MANUAL_PARSE,could not parse a part number from the name,ECS Inc. XTAL OSC TCXO 50 MHZ HCMOS SMD,,https://songglow.com/components/crystals-oscillators-resonators-oscillators/ECS-TXO-2016MV-500-TR
ECS-TXO-2016MV-200-TR,,MANUAL_PARSE,could not parse a part number from the name,ECS Inc. XTAL OSC TCXO 20 MHZ HCMOS SMD,,https://songglow.com/components/crystals-oscillators-resonators-oscillators/ECS-TXO-2016MV-200-TR
ECS-TXO-2016-33-500-TR,,MANUAL_PARSE,could not parse a part number from the name,ECS Inc. XTAL OSC TCXO 50MHZ 3.3V SMD,,https://songglow.com/components/crystals-oscillators-resonators-oscillators/ECS-TXO-2016-33-500-TR
ECS-3225SMV-120-FP-TR,,MANUAL_PARSE,could not parse a part number from the name,ECS Inc. XTAL OSC XO 12MHZ HCMOS SMD,,https://songglow.com/components/crystals-oscillators-resonators-oscillators/ECS-3225SMV-120-FP-TR
CM8V-T1A-32.768KHZ-6PF-20PPM-TA-QC,(part# OK - specs look wrong),MANUAL_SPECS,part_number matches name but spec frequency (12MHz) contradicts the part number,Micro Crystal CM8V-T1A-32.768KHZ-6PF-20PPM-TA-QC 12MHz 18pF 3225 SMD Crystal,12MHz,https://songglow.com/components/crystals/CM8V-T1A-32.768KHZ-6PF-20PPM-TA-QC
ABM8G-12.000MHZ-18-D2Y-T,(part# OK - specs look wrong),MANUAL_SPECS,part_number matches name but spec frequency (32.768kHz) contradicts the part number,Abracon ABM8G-12.000MHZ-18-D2Y-T 32.768KHZ-7PF-20PPM-TA-QC 32.768kHz 7pF 3215 SMD Crystal,32.768kHz,https://songglow.com/components/crystals/ABM8G-12.000MHZ-18-D2Y-T
ABM8G-25.000MHZ-18-D2Y-T,(part# OK - specs look wrong),MANUAL_SPECS,part_number matches name but spec frequency (24MHz) contradicts the part number,Abracon ABM8G-25.000MHZ-18-D2Y-T 24MHz 30pF 3225 SMD Crystal,24MHz,https://songglow.com/components/crystals/ABM8G-25.000MHZ-18-D2Y-T
ABM8G-16.000MHZ-18-D2Y-T,(part# OK - specs look wrong),MANUAL_SPECS,part_number matches name but spec frequency (24MHz) contradicts the part number,Abracon ABM8G-16.000MHZ-18-D2Y-T 24MHz 8pF 3225 SMD Crystal,24MHz,https://songglow.com/components/crystals/ABM8G-16.000MHZ-18-D2Y-T
ABM8-25.000MHZ-D2Y-T,(part# OK - specs look wrong),MANUAL_SPECS,part_number matches name but spec frequency (32.768kHz) contradicts the part number,Abracon ABM8-25.000MHZ-D2Y-T 32.768KHZ-6PF-20PPM-TA-QC 32.768kHz 6pF 3215 SMD Crystal,32.768kHz,https://songglow.com/components/crystals/ABM8-25.000MHZ-D2Y-T
CM7V-T1A-32.768KHZ-6PF-20PPM-TA-QC,(part# OK - specs look wrong),MANUAL_SPECS,part_number matches name but spec frequency (25MHz) contradicts the part number,Micro Crystal CM7V-T1A-32.768KHZ-6PF-20PPM-TA-QC 25MHz 18pF 3225 SMD Crystal,25MHz,https://songglow.com/components/crystals/CM7V-T1A-32.768KHZ-6PF-20PPM-TA-QC
ABM3-10.000MHZ-D2Y-T,(part# OK - specs look wrong),MANUAL_SPECS,part_number matches name but spec frequency (25MHz) contradicts the part number,Abracon ABM3-10.000MHZ-D2Y-T 25MHz 20pF HC-49US SMD Crystal,25MHz,https://songglow.com/components/crystals/ABM3-10.000MHZ-D2Y-T
ABM10W-40.0000MHZ-8-B1U-T3,(part# OK - specs look wrong),MANUAL_SPECS,part_number matches name but spec frequency (32.768kHz) contradicts the part number,Abracon ABM10W-40.0000MHZ-8-B1U-T3 32.768kHz 12.5pF 3215 SMD Crystal,32.768kHz,https://songglow.com/components/crystals/ABM10W-40.0000MHZ-8-B1U-T3
ABM8W-16.0000MHZ-8-K1Z-T3,(part# OK - specs look wrong),MANUAL_SPECS,part_number matches name but spec frequency (32MHz) contradicts the part number,Abracon ABM8W-16.0000MHZ-8-K1Z-T3 32MHz 10pF 3225 SMD Crystal,32MHz,https://songglow.com/components/crystals/ABM8W-16.0000MHZ-8-K1Z-T3
ABM3-24.000MHZ-D2Y-T,(part# OK - specs look wrong),MANUAL_SPECS,part_number matches name but spec frequency (32.768kHz) contradicts the part number,Abracon ABM3-24.000MHZ-D2Y-T 32.768kHz 7pF 3215 SMD Crystal,32.768kHz,https://songglow.com/components/crystals/ABM3-24.000MHZ-D2Y-T
CM9V-T1A-32.768KHZ-7PF-20PPM-TA-QC,(part# OK - specs look wrong),MANUAL_SPECS,part_number matches name but spec frequency (32MHz) contradicts the part number,Micro Crystal CM9V-T1A-32.768KHZ-7PF-20PPM-TA-QC 32MHz 12pF 3225 SMD Crystal,32MHz,https://songglow.com/components/crystals/CM9V-T1A-32.768KHZ-7PF-20PPM-TA-QC
CM7V-T1A-32.768KHZ-7PF-20PPM-TB-QA,(part# OK - specs look wrong),MANUAL_SPECS,part_number matches name but spec frequency (25MHz) contradicts the part number,Micro Crystal CM7V-T1A-32.768KHZ-7PF-20PPM-TB-QA 25MHz 8pF 3225 SMD Crystal,25MHz,https://songglow.com/components/crystals/CM7V-T1A-32.768KHZ-7PF-20PPM-TB-QA
ABM3-25.000MHZ-D2Y-T,(part# OK - specs look wrong),MANUAL_SPECS,part_number matches name but spec frequency (32.768kHz) contradicts the part number,Abracon ABM3-25.000MHZ-D2Y-T 32.768kHz 7pF 3215 SMD Crystal,32.768kHz,https://songglow.com/components/crystals/ABM3-25.000MHZ-D2Y-T
ABM8-27.120MHZ-10-D1G-T,(part# OK - specs look wrong),MANUAL_SPECS,part_number matches name but spec frequency (32.768kHz) contradicts the part number,Abracon ABM8-27.120MHZ-10-D1G-T 32.768kHz 7pF 3215 SMD Crystal,32.768kHz,https://songglow.com/components/crystals/ABM8-27.120MHZ-10-D1G-T
ABM8W-25.0000MHZ-8-D1X-T3,(part# OK - specs look wrong),MANUAL_SPECS,part_number matches name but spec frequency (32MHz) contradicts the part number,Abracon ABM8W-25.0000MHZ-8-D1X-T3 32MHz 10pF 2016 SMD Crystal,32MHz,https://songglow.com/components/crystals/ABM8W-25.0000MHZ-8-D1X-T3
ABS25-32.768KHZ-T,(part# OK - specs look wrong),MANUAL_SPECS,part_number matches name but spec frequency (25MHz) contradicts the part number,Abracon ABS25-32.768KHZ-T 25MHz 18pF 3225 SMD Crystal,25MHz,https://songglow.com/components/crystals/ABS25-32.768KHZ-T
ABM8-25.000MHZ-B2-T,(part# OK - specs look wrong),MANUAL_SPECS,part_number matches name but spec frequency (12MHz) contradicts the part number,Abracon ABM8-25.000MHZ-B2-T 12MHz 12pF HC-49S SMD Crystal,12MHz,https://songglow.com/components/crystals/ABM8-25.000MHZ-B2-T
CM8V-T1A-32.768KHZ-12.5PF-20PPM-TB-QA,(part# OK - specs look wrong),MANUAL_SPECS,part_number matches name but spec frequency (25MHz) contradicts the part number,Micro Crystal CM8V-T1A-32.768KHZ-12.5PF-20PPM-TB-QA 25MHz 12pF HC-49S SMD Crystal,25MHz,https://songglow.com/components/crystals/CM8V-T1A-32.768KHZ-12.5PF-20PPM-TB-QA
CM7V-T1A-32.768KHZ-12.5PF-20PPM-TB-QA,(part# OK - specs look wrong),MANUAL_SPECS,part_number matches name but spec frequency (20MHz) contradicts the part number,Micro Crystal CM7V-T1A-32.768KHZ-12.5PF-20PPM-TB-QA 18pF HC-49S SMD Crystal,20MHz,https://songglow.com/components/crystals/CM7V-T1A-32.768KHZ-12.5PF-20PPM-TB-QA
CM9V-T1A-32.768KHZ-9PF-20PPM-TA-QC,(part# OK - specs look wrong),MANUAL_SPECS,part_number matches name but spec frequency (16MHz) contradicts the part number,Micro Crystal CM9V-T1A-32.768KHZ-9PF-20PPM-TA-QC 16MHz 10pF 2016 SMD Crystal,16MHz,https://songglow.com/components/crystals/CM9V-T1A-32.768KHZ-9PF-20PPM-TA-QC
ABM11-16.000MHZ-D2X-T3,(part# OK - specs look wrong),MANUAL_SPECS,part_number matches name but spec frequency (32.768kHz) contradicts the part number,Abracon ABM11-16.000MHZ-D2X-T3 32.768kHz 12.5pF 3215 SMD Crystal,32.768kHz,https://songglow.com/components/crystals/ABM11-16.000MHZ-D2X-T3
ABM3-16.000MHZ-D2Y-T,(part# OK - specs look wrong),MANUAL_SPECS,part_number matches name but spec frequency (12MHz) contradicts the part number,Abracon ABM3-16.000MHZ-D2Y-T 12MHz 12pF 2520 SMD Crystal,12MHz,https://songglow.com/components/crystals/ABM3-16.000MHZ-D2Y-T
ABM3-8.000MHZ-D2Y-T,(part# OK - specs look wrong),MANUAL_SPECS,part_number matches name but spec frequency (24MHz) contradicts the part number,Abracon ABM3-8.000MHZ-D2Y-T 24MHz 10pF 3225 SMD Crystal,24MHz,https://songglow.com/components/crystals/ABM3-8.000MHZ-D2Y-T
ABM10-166-12.000MHZ-T3,(part# OK - specs look wrong),MANUAL_SPECS,part_number matches name but spec frequency (25MHz) contradicts the part number,Abracon ABM10-166-12.000MHZ-T3 25MHz 12.5pF 3225 SMD Crystal,25MHz,https://songglow.com/components/crystals/ABM10-166-12.000MHZ-T3
ABM8-16.000MHZ-D1X-T,(part# OK - specs look wrong),MANUAL_SPECS,part_number matches name but spec frequency (32MHz) contradicts the part number,Abracon ABM8-16.000MHZ-D1X-T 32MHz 8pF 2016 SMD Crystal,32MHz,https://songglow.com/components/crystals/ABM8-16.000MHZ-D1X-T
ABM3-20.000MHZ-D2Y-T,(part# OK - specs look wrong),MANUAL_SPECS,part_number matches name but spec frequency (12MHz) contradicts the part number,Abracon ABM3-20.000MHZ-D2Y-T 12MHz 18pF 3225 SMD Crystal,12MHz,https://songglow.com/components/crystals/ABM3-20.000MHZ-D2Y-T