First Name,Last Name,Title,Company Name,Company Name for Emails,Email,Email Status,Primary Email Source,Primary Email Verification Source,Email Confidence,Primary Email Catch-all Status,Primary Email Last Verified At,Seniority,Departments,Sub Departments,Contact Owner,Work Direct Phone,Home Phone,Mobile Phone,Corporate Phone,Other Phone,Do Not Call,Stage,Lists,Last Contacted,Account Owner,# Employees,Industry,Keywords,Person Linkedin Url,Website,Company Linkedin Url,Facebook Url,Twitter Url,City,State,Country,Company Address,Company City,Company State,Company Country,Company Phone,Technologies,Annual Revenue,Total Funding,Latest Funding,Latest Funding Amount,Last Raised At,Parent company (Apollo data),Parent company (Apollo data - Organization ID),Email Sent,Email Open,Email Bounced,Replied,Demoed,Number of Retail Locations,SIC Codes,NAICS Codes,Apollo Contact Id,Apollo Account Id,Apollo Record Id,Secondary Email,Secondary Email Source,Secondary Email Status,Secondary Email Verification Source,Tertiary Email,Tertiary Email Source,Tertiary Email Status,Tertiary Email Verification Source,Qualify Contact
Jesse,Yarnal,Buyer/Supply Chain Manager,Phillips Tank & Structure,Phillips Tank & Structure,jesse.yarnal@phillipstank.com,Verified,Apollo,Apollo,,Catch-all,2026-07-02T09:16:35+00:00,Manager,"Finance, Operations","Sourcing / Procurement, Supply Chain",rachelluo3131@gmail.com,,,,'+1 412-315-7963,,FALSE,Cold,,,rachelluo3131@gmail.com,94,oil & energy,"api 650, api 653, api 12d, awwa d100, b2b, metal tank (heavy gauge) manufacturing, consulting, tank foundations repair, engineering services, above-ground storage tanks, tank mechanicals, tank bottoms, bolted tank construction, manufacturing, tank floating roof repair, tank construction, tank floating roof seals, welded tank construction, tank system installation, asme pressure vessels, tank system inspection, tank stairs, energy & utilities, tank repair, distribution, tank piping, custom tank design, tank platforms, tank system repair, tank leak repair, tank system modification, construction, tank foundations, services, geodesic domes installation, geodesic domes, project management, tank shells, tank in-service inspection, tank handrails, energy&utilities, information technology & services, mechanical or industrial engineering, productivity",http://www.linkedin.com/in/jesse-yarnal-337a67113,https://phillipstank.com,http://www.linkedin.com/company/phillips-tank-&-structure,,,Pittsburgh,Pennsylvania,United States,"13 Talbot Ave, Braddock, Pennsylvania, United States, 15104",Braddock,Pennsylvania,United States,'+1 412-315-7963,"Google Search Console, Google Search Console, Wix, Google Workspace, GoDaddy Domains, Gmail, Microsoft Email Providers, Microsoft Exchange Online, Outlook, Google Meet, Microsoft 365, Microsoft 365 Apps & Services, Microsoft Exchange, GoDaddy Hosting, Google Cloud Hosting, Mobile Friendly, Wix, Bing Webmaster Tools, Viewport Meta, Varnish, webpack, Remote, Flux, Tor, .NET, Mode, Mint, Gauges, Square, Level 3 Communications, Raspberry Pi, Ning, Quip, Jackson Walker, Bing, GRIN, Amazon AWS, Act!, ICP, Craneware, Spreadsheet Server by insightsoftware, Wider Planet, ALEX, Box.net, RobixCM Generator, Air, Lift, AndersNoren Fukasawa, Arc, Workamajig, AMP, Compressor, Dassault SOLIDWORKS, Mathcad Prime, Salesforce.com Jigsaw, Onit, Signal, Amazon SES, Bag, Fresha, CUE, Yii Framework, BOOM, Liquid, Switch Concepts",,,,,,,,,FALSE,FALSE,FALSE,FALSE,,"1389, ","33242, 238990, 541330",6a6c3570a1b5c10020f86a3d,6a6c3571a1b5c10020f86a64,6a6c3570a1b5c10020f86a3d,,,,,,,,,
Juan,Calzoncit,Sr. Materials Manager / Supply Chain Manager,ENC - ElDorado National California Inc.,ENC,juan.gomez@eldorado-ca.com,Verified,Apollo,Apollo,,Not Catch-all,2026-07-15T21:45:18+00:00,Manager,Operations,Supply Chain,rachelluo3131@gmail.com,,,,'+1 414-290-0190,,FALSE,Cold,,,rachelluo3131@gmail.com,300,automotive,"bus manufacturing, manufacturing, parts sales distribution, public transit, public transportation, clean energy, sustainable transportation, ev, design engineering, american manufacturing, motor vehicle manufacturing, bus impact safety, fta altoona testing, bus safety standards, government, fleet solutions, hybrid bus, bus chassis, hydrogen fuel cell technology, bus leasing and financing, ada compliance, impact crash testing, bus impact performance, bus safety compliance, zero emissions transportation, bus manufacturing process, b2b, hydrogen-powered bus, bus body materials, hydrogen fuel cell bus, bus body structure, bus impact resistance, fuel system options, bus durability testing, battery electric bus, roof crush testing, bus durability certification, motor vehicle body and trailer manufacturing, transportation & logistics, zero emission buses, bus industry standards, bus impact crash test, safety testing, bus customization options, bus parts and service, bus roof crush test, bus crashworthiness, cng bus, electric bus, iso 9001 certified, services, public transit buses, bus design, bus models, bus customization, finance, distribution, mechanical or industrial engineering, transportation/trucking/railroad, environmental services, renewables & environment, automotive, financial services",http://www.linkedin.com/in/juan-g%c3%b3mez-calzoncit-65368261,https://eldorado-ca.com,http://www.linkedin.com/company/eldorado-national-california,https://facebook.com/enc.bus,https://twitter.com/ENC,Los Angeles,California,United States,"9670 Galena St, Jurupa Valley, California, United States, 92509",Jurupa Valley,California,United States,'+1 414-290-0190,"Apple Business Manager, Salesforce, Salesforce Sales Cloud, GoDaddy Domains, Apple School Manager, Microsoft Email Providers, Microsoft Exchange Online, Outlook, Microsoft 365, Microsoft 365 Apps & Services, Microsoft Exchange, Microsoft 365, GoDaddy Hosting, Microsoft 365, Remote, Altium Designer, Wider Planet, WMS, AutoCAD, Microsoft Office, eMaint CMMS, Elite Software HVAC Solution, Air, Make, Bing, Dell iDRAC (Integrated Dell Remote Access Controller), Yardi, Gem, Quip, Altium, AT&T, Paycor, Zipteams, Excel Impact, OneTrust Tech Risk & Compliance, Microsoft Excel, GenieWords, SAP, Oracle Analytics Cloud, AC500 PLC, AVEVA InTouch HMI, Git, Act!, ConnectWise Control, Amazon SES, Excel4Apps, Ning, ISO+™, Visio, Microsoft PowerPoint, Laser Scanning, CAT, Dassault SOLIDWORKS, Less, ABB Robotics, Harness, Control-M, Voltage, MATLAB, Simulink, CANalyzer, redvertisement, Huawei S6700, Microsoft Cognitive Toolkit (Formerly CNTK), Copper, Tor, ICP, Visual-Basic-.NET, PowerBI Tiles, Tableau, Homestead, Google Ads Conversion, ESW, Rive, Ace, AI, GitHub, Power BI Documenter, ConnectWise Control, Amazon SES, Amazon AWS, Google Ads Conversion, Google Ads",,,,,,Rivaz Energy (rivaz.com),Rivaz Energy (rivaz.com),,FALSE,FALSE,FALSE,FALSE,,3711,336211,6a6c3570a1b5c10020f86a39,6a6c3571a1b5c10020f86a60,6a6c3570a1b5c10020f86a39,,,,,,,,,
Sam,Barca,Buyer/Supply Chain Manager,Phillips Tank & Structure,Phillips Tank & Structure,sam.barca@phillipstank.com,Verified,Apollo,Apollo,,Catch-all,2026-06-30T21:23:56+00:00,Manager,"Finance, Operations","Sourcing / Procurement, Supply Chain",rachelluo3131@gmail.com,,,,'+1 412-315-7963,,FALSE,Cold,,,rachelluo3131@gmail.com,94,oil & energy,"api 650, api 653, api 12d, awwa d100, b2b, metal tank (heavy gauge) manufacturing, consulting, tank foundations repair, engineering services, above-ground storage tanks, tank mechanicals, tank bottoms, bolted tank construction, manufacturing, tank floating roof repair, tank construction, tank floating roof seals, welded tank construction, tank system installation, asme pressure vessels, tank system inspection, tank stairs, energy & utilities, tank repair, distribution, tank piping, custom tank design, tank platforms, tank system repair, tank leak repair, tank system modification, construction, tank foundations, services, geodesic domes installation, geodesic domes, project management, tank shells, tank in-service inspection, tank handrails, energy&utilities, information technology & services, mechanical or industrial engineering, productivity",http://www.linkedin.com/in/sam-barca-24103920a,https://phillipstank.com,http://www.linkedin.com/company/phillips-tank-&-structure,,,New Kensington,Pennsylvania,United States,"13 Talbot Ave, Braddock, Pennsylvania, United States, 15104",Braddock,Pennsylvania,United States,'+1 412-315-7963,"Google Search Console, Google Search Console, Wix, Google Workspace, GoDaddy Domains, Gmail, Microsoft Email Providers, Microsoft Exchange Online, Outlook, Google Meet, Microsoft 365, Microsoft 365 Apps & Services, Microsoft Exchange, GoDaddy Hosting, Google Cloud Hosting, Mobile Friendly, Wix, Bing Webmaster Tools, Viewport Meta, Varnish, webpack, Remote, Flux, Tor, .NET, Mode, Mint, Gauges, Square, Level 3 Communications, Raspberry Pi, Ning, Quip, Jackson Walker, Bing, GRIN, Amazon AWS, Act!, ICP, Craneware, Spreadsheet Server by insightsoftware, Wider Planet, ALEX, Box.net, RobixCM Generator, Air, Lift, AndersNoren Fukasawa, Arc, Workamajig, AMP, Compressor, Dassault SOLIDWORKS, Mathcad Prime, Salesforce.com Jigsaw, Onit, Signal, Amazon SES, Bag, Fresha, CUE, Yii Framework, BOOM, Liquid, Switch Concepts",,,,,,,,,FALSE,FALSE,FALSE,FALSE,,"1389, ","33242, 238990, 541330",6a6c3570a1b5c10020f86a3e,6a6c3571a1b5c10020f86a64,6a6c3570a1b5c10020f86a3e,,,,,,,,,
Kelli,Ulrey,Sourcing and Supply Chain Manager,SWG Brands,SWG Brands,kelli.ulrey@swgbrands.com,Verified,Apollo,Apollo,,Not Catch-all,2026-06-30T18:32:09+00:00,Manager,"Finance, Operations","Sourcing / Procurement, Supply Chain",rachelluo3131@gmail.com,,,,,,FALSE,Cold,,,rachelluo3131@gmail.com,31,cosmetics,"personal care product manufacturing, b2c, e-commerce, d2c, cosmetics, beauty, consumer goods, consumers, consumer internet, internet, information technology & services",http://www.linkedin.com/in/kelli-u-7b779ab0,https://swgbrands.com,http://www.linkedin.com/company/swg-brands,,,Las Vegas,Nevada,United States,"4220 W Windmill Ln, Las Vegas, Nevada, United States, 89139-5810",Las Vegas,Nevada,United States,,"Zendesk for Service, GoDaddy Domains, Microsoft Email Providers, Microsoft Exchange Online, Outlook, Microsoft 365, Microsoft 365 Apps & Services, Microsoft Exchange, Microsoft 365, GoDaddy Hosting, Microsoft 365, Zendesk, Zendesk Support Suite, parallax.js, Adobe Fonts, Squarespace Commerce, Adobe Fonts, Mobile Friendly, Viewport Meta, Squarespace, Magento Open Source, Open Graph, Squarespace ECommerce, Magento 2, Priority Hints, Cart Functionality",,,,,,,,,FALSE,FALSE,FALSE,FALSE,,2844,325620,6a6cae37b8068b001ce61e50,6a6cae37b8068b001ce61e59,6a6cae37b8068b001ce61e50,,,,,,,,,
Eric,Bell,Supply Chain Manager/ Materials Manager,"WilliamsRDM, Inc.",WilliamsRDM,ebell@wmsrdm.com,Verified,Apollo,Apollo,,Catch-all,2026-07-16T11:18:25+00:00,Manager,Operations,Supply Chain,rachelluo3131@gmail.com,,,,'+1 817-872-1500,,FALSE,Cold,,,rachelluo3131@gmail.com,58,electrical/electronic manufacturing,"complex electromechanical assembly with esd control, buildtospecbuildtoprint electrical panels enclosures, custom cables harnesses, complex equipment retrofitting, 5axis machining swiss turning, engineering hardwaresoftware development, appliances, electrical, & electronics manufacturing, b2b, services, electrical/electronic manufacturing, mechanical or industrial engineering",http://www.linkedin.com/in/ericbell777,https://williamsrdm.com,http://www.linkedin.com/company/williamsrdm,https://facebook.com/WilliamsRDM,,Fort Worth,Texas,United States,"200 Greenleaf St, Fort Worth, Texas, United States, 76107",Fort Worth,Texas,United States,'+1 817-872-1500,"Google Search Console, Google Search Console, Apple Business Manager, Apple School Manager, ElasticEmail, DigitalOcean, Outlook, Microsoft 365, Oracle Cloud, WP Engine, Slack, Gravity Forms, jQuery, CAPTCHA, PrimeNG, Font Awesome, Leaflet, WordPress.org, Open Graph, Site Kit, Google Tag Manager, Nginx, HSTS, Priority Hints, ZURB Foundation, Wordpress, Automatic.css, Slim SEO, Cloudways, Google Analytics, Viewport Meta, Mobile Friendly, Google Font API, Bricks, reCAPTCHA, Remote, Wider Planet, Motorola, FRAC Pumps, Grafana, Quip, ConnectWise Control, Elite Software HVAC Solution, GWI, Sensor Tower, Dell EMC SAN (Storage Area Network), Commvault Metallic, Microsoft Office",10000000,,,,,,,,FALSE,FALSE,FALSE,FALSE,,"3577, 3576, 3575, 3600","336413, 334511",6a6c3570a1b5c10020f86a3f,6a6c3571a1b5c10020f86a65,6a6c3570a1b5c10020f86a3f,,,,,,,,,
Tim,Metz,Materials/Supply Chain Manager,"Orenco Systems, Inc.",Orenco,tmetz@orenco.com,Verified,Apollo,Apollo,,,2026-07-02T09:17:51+00:00,Manager,Operations,Supply Chain,rachelluo3131@gmail.com,,,,'+1 541-459-4449,,FALSE,Cold,,,rachelluo3131@gmail.com,380,environmental services,"decentralized wastewater treatment, effluent sewers, mobile wastewater treatment, residential wastewater treatment, off-grid wastewater solutions, advanced secondary treatment, environmental services, compact wastewater treatment, b2b, biotube effluent filter, commercial and service industry machinery manufacturing, fiberglass tanks, on-site wastewater systems, services, wastewater treatment, custom control panels, residential wastewater systems, fiberglass enclosures, liquid-only sewer systems, effluent filters for septic tanks, fiberglass composite products, effluent filters, wastewater collection systems, pumping systems, construction & engineering, wastewater reuse, control panels, effluent disinfection, water and wastewater equipment manufacturing, manufacturing, distribution, b2c, renewables & environment, commercial & service industry machinery manufacturing, mechanical or industrial engineering",http://www.linkedin.com/in/tim-metz-cscp-cpim-c-p-m-308903a1,https://orenco.com,http://www.linkedin.com/company/orenco-systems-inc.,https://facebook.com/orencosystems,https://twitter.com/orenco_systems,Sutherlin,Oregon,United States,"814 Airway Ave, Sutherlin, Oregon, United States, 97479",Sutherlin,Oregon,United States,'+1 541-459-4449,"Apple Business Manager, CloudFlare CDN, Cloudflare DNS, Apple School Manager, Microsoft Email Providers, Microsoft Exchange Online, Outlook, Trend Micro Email Security, Microsoft 365, Microsoft 365 Apps & Services, Microsoft Exchange, Trend Micro, CloudFlare, Microsoft Azure Hosting, CloudFlare CDN, Microsoft 365, Microsoft 365, Google Search Console, Google Search Console, Google Workspace, Gmail, Google Meet, Bootstrap, Constant Contact, jQuery Migrate, Bootstrap, HSTS, .NET, Google Analytics, Kronos SaaShr, DoubleClick, Microsoft.net, Viewport Meta, Font Awesome, DNN, UKG Ready, Google Tag Manager, jQuery UI, Popper, Slick, Google Maps (Non Paid Users), YouTube, ASP.NET, Kronos Workforce Ready, Omeda, Mobile Friendly, jQuery, Microsoft Ajax Content Delivery Network, C#, Google Maps, DNN, reCAPTCHA, Twitter Widgets, Twitter Sharing, Google Plus One, DNN, Google Plus, Nivo Slider, CAPTCHA, X (Twitter), Olark, Remote, Brocade Switches, CPI, Modbus, Siemens SIMATIC HMI (Human Machine Interface), Siemens SIMATIC SCADA, Convert Media, FUSION, plains, AT&T, 3M 360 Encompass - Health Analytics Suite, Square, Act!, Radial, Tor, React Router, Quip, Backblaze Computer Backup, SAP Vehicle Management System, Salesforce CRM Analytics, Wider Planet, ROOM, AMP, Route, Git, Mailchimp Mandrill, GRIN, Jack Henry Yellow Hammer, Buffer, Salesforce.com Jigsaw, Level 3 Communications, Amobee DMP, Bing, Canon Printers, Resi, Spiceworks IP Scanner, Dell Tablet, Gem, BigTree CMS, ePlan, Conga CPQ, AC500 PLC, AVEVA InTouch HMI, Siemens PROFIBUS, Schneider Electric, Dassault SOLIDWORKS, Microsoft Office, NetSuite E-commerce, Salesforce CPQ, Siemens SIMATIC S7, Schneider Altivar, AWS Glue Data Catalog, Resin, InfusionSoft, Vant, CRM+, GAS, LogIC, Inductive Automation Ignition, Cascade CMS, HP Poly, Minitab Statistical Software, IBX SmartView, Hammer.js, Trac, Rive, ANS, ICE, Cisco VoIP, React, Amobee DMP, PHP, MySQL, Java, TypeScript, MariaDB, amCharts, Sentry, Vtiger CRM, Inductive Automation Ignition, HP Poly, Python",46400000,,Merger / Acquisition,0,2024-08-01T00:00:00+00:00,Infiltrator Water Technologies (Decentralized Wastewater Treatment Solutions) (infiltratorwater.com),Infiltrator Water Technologies (Decentralized Wastewater Treatment Solutions) (infiltratorwater.com),,FALSE,FALSE,FALSE,FALSE,,3631,"33331, 333914",6a6cae37b8068b001ce61e4d,6a6cae37b8068b001ce61e56,6a6cae37b8068b001ce61e4d,,,,,,,,,
David,Barrett,Buyer/Purchasing/Supply Chain Manager,VETUS,VETUS,dbarrett@vetus.com,Verified,Apollo,Apollo,,,2026-07-01T15:01:59+00:00,Manager,"Finance, Operations","Sourcing / Procurement, Supply Chain",rachelluo3131@gmail.com,,,,'+1 410-712-0740,,FALSE,Cold,,,rachelluo3131@gmail.com,200,maritime,"maritime transportation, in-house engineering, marine hydraulics, marine technology, bow and stern thrusters, marine innovation, 3d printing in marine manufacturing, marine systems, custom boat windows, marine product testing, marine product development, exhaust systems, global support network, marine engineering, marine diesel engine, e-commerce, b2b, marine glazing systems, marine engine, manufacturing, marine ventilation systems, boat systems, distribution, marine control systems, product development, boat equipment, heavy-duty boat equipment, transportation & logistics, marine accessories, marine equipment, reliable onboard systems, thrusters, nmea 2000 thruster integration, marine electrical systems, marine safety, marine product quality, marine maintenance, marine industry standards, electric propulsion, services, all other fabricated metal product manufacturing, marine power hydraulics, system integration, consumer internet, consumers, internet, information technology & services, mechanical or industrial engineering",http://www.linkedin.com/in/david-barrett-ba2a1910,https://vetus.com,http://www.linkedin.com/company/vetus,https://facebook.com/VETUS.Group,https://twitter.com/VETUS_Group,Annapolis,Maryland,United States,"11 Havenstraat, Schiedam, Zuid-Holland, Netherlands, 3115",Schiedam,Zuid-Holland,Netherlands,'+1 410-712-0740,"Google Search Console, Google Search Console, Exclaimer, Microsoft Email Providers, Microsoft Exchange Online, Outlook, Microsoft 365, Microsoft 365 Apps & Services, Microsoft Exchange, Microsoft 365, Microsoft 365, Slack, Adobe Experience Cloud, Active Campaign, WordPress.org, Nginx, Multilingual, Mobile Friendly, Viewport Meta, Plesk, Hotjar, Google Maps Platform, DoubleClick, Babel, Google Places, Google Maps, PrimeNG, Google Font API, CookieYes, HREF Lang, Google Tag Manager, Yoast, reCAPTCHA, Google Maps (Non Paid Users), Wordpress, Laravel, Shutterstock, Facebook Login (Connect), Wider Planet, ICP",3559000,,,,,Yanmar,Yanmar,,FALSE,FALSE,FALSE,FALSE,,3731,"33299, 33661",6a6c3570a1b5c10020f86a3b,6a6c3571a1b5c10020f86a62,6a6c3570a1b5c10020f86a3b,,,,,,,,,
Tysen,Soto,Buyer & Supply Chain Manager,Duke Cannon Supply Co.,Duke Cannon Supply,tysen.soto@dukecannon.com,Verified,Apollo,Apollo,,,2026-07-24T10:01:21+00:00,Manager,"Finance, Operations","Sourcing / Procurement, Supply Chain",rachelluo3131@gmail.com,,,,'+1 855-354-4438,,FALSE,Cold,,,rachelluo3131@gmail.com,80,mechanical or industrial engineering,"manufacturing, cologne, men's grooming, apparel, veteran fund, scents, special edition products, consumer goods, hair care, men's personal care, legacy products, soap, premium men's soap, d2c, sporting and athletic goods manufacturing, hardworking men, product bundles, grooming gift sets, subscription service, deodorant, men's grooming products, american-made products, b2c, body wash, e-commerce, high-quality grooming goods, retail, grooming accessories, men's skincare, consumer products & retail, mechanical or industrial engineering, consumers, consumer internet, internet, information technology & services",http://www.linkedin.com/in/tysen-soto-031656232,https://dukecannon.com,http://www.linkedin.com/company/dukecannon,https://facebook.com/DukeCannonSupplyCo/,https://twitter.com/dukecannon,Minneapolis,Minnesota,United States,"123 N 3rd St, Minneapolis, Minnesota, United States, 55401-1613",Minneapolis,Minnesota,United States,'+1 855-354-4438,"Google Search Console, Nexcess Domain Registration, Shopify, Mailgun, Mailgun, Microsoft Email Providers, Microsoft Exchange Online, Outlook, Microsoft 365, Microsoft 365 Apps & Services, Microsoft Exchange, Microsoft 365, Nexcess, Microsoft 365, Recharge Payments, FedEx, Shopify Plus, Slack, Shopify Product Reviews, UPS, Google Search Console, Shopify Custom, reCAPTCHA, Viewport Meta, Google Font API, Klaviyo, Gorgias, Rebuy, Shopify Developer Platform, Adobe Fonts, Google Tag Manager, Google Analytics Ecommerce Tracking, Adobe Fonts, Yotpo, Mobile Friendly, Swell Rewards, Remote, AI, Wrike, NEC, Fetchback, Amazon Advertising, Tor, NTENT, Microsoft Office",5200000,,Private Equity,0,2020-12-01T00:00:00+00:00,,,,FALSE,FALSE,FALSE,FALSE,,2844,"33992, 325620",6a6c3570a1b5c10020f86a35,6a6c3571a1b5c10020f86a5d,6a6c3570a1b5c10020f86a35,,,,,,,,,Qualified
Roger,Bennett,Commodity Manager/Buyer,Plaid Enterprises,Plaid Enterprises,roger.bennett@plaidonline.com,Verified,Apollo,Apollo,,Catch-all,2026-07-28T06:10:09+00:00,Manager,Finance,Sourcing / Procurement,rachelluo3131@gmail.com,,,,'+1 888-905-0706,,FALSE,Cold,,,rachelluo3131@gmail.com,310,retail,"folkart paint, gallery glass, mod podge, martha stewart craft paint line, arteza, art company, craft, diy, art supplies, retail art supplies, craft product manufacturer, upcycling projects, retail, craft project ideas, creative community, craft education, needlecraft kits, customer service, craft community, fabric crafts, stenciling supplies, folkart paints, craft industry leader, craft product brands, art and craft brands, b2c, sign manufacturing, decoupage medium, paint for plastic, trend responsiveness, diy projects, diy products, educational resources, craft supplies online, manufacturing, acrylic paints, usa-made paints, e-commerce, home improvement, craft product innovation, glass painting, diy home projects, art tutorials, home decor paints, arts and crafts, d2c, online shopping, crafting tutorials, trend-driven products, innovation, craft industry innovation, home decor, product innovation, craft supplies, craft products, acrylic paint, deco techniques, paint kits, crafting tools, creative inspiration, multi-surface paint, stitchery kits, brushes, glue sealer, crafting medium, fabric paint, outdoor decor, colorful paints, education resources, painting techniques, crafting classes, resin art, canvas painting, kids crafting, paint colors, watercolor paints, specialty finishes, color mixing, decorative painting, handmade gifts, creativity tips, art journaling, family crafting, resource guides, crafting community, project ideas, craft sales, seasonal crafts, easy crafts, craft ideas, gift making, fun painting activities, home repair, diy fabric projects, education, distribution, consumer products & retail, b2b, mechanical or industrial engineering, consumer internet, consumers, internet, information technology & services, arts & crafts, shopping",http://www.linkedin.com/in/roger-bennett-a7b62b175,https://plaidonline.com,http://www.linkedin.com/company/plaid-enterprises,https://facebook.com/artezacolors,https://twitter.com/artezaofficial,Atlanta,Georgia,United States,"3225 Westech Dr, Peachtree Corners, Georgia, United States, 30092-3500",Peachtree Corners,Georgia,United States,'+1 888-905-0706,"Apple Business Manager, Barracuda Email Security Service, Fastly CDN, GoDaddy Domains, Apple School Manager, Barracuda Email Security Service, Microsoft Exchange Online, Outlook, Microsoft 365, Microsoft 365 Apps & Services, Microsoft Exchange, Microsoft 365, Microsoft 365, Google Search Console, Amazon SES, Amazon Simple Email Service (Amazon SES), Microsoft Email Providers, Fastly Hosting, GoDaddy Hosting, Greenhouse, Amazon AWS, Visual-Basic-.NET, Barracuda Networks, Magento, Slack, Adobe Experience Cloud, CloudFlare, Atlassian Cloud, FedEx, Afterpay, React Redux, React, Shopify Unlimited, Shopify Plus, Zendesk, Magento Enterprise, Gorgias, Bing Webmaster Tools, Facebook Pixel, Google translate API, Facebook Pixel, Magento 2, SearchSpring, Adobe Fonts, Google Translate, Facebook Pixel, Klaviyo, Shopper Approved, Magento 2, New Relic, Mobile Friendly, SearchSpring, webpack, Facebook Pixel, New Relic APM, Magento Open Source, Magento Open Source, Bing, New Relic Insights, Zinrelo Loyalty Rewards Platform, Vimeo, New Relic One, Facebook, Facebook Pixel, Google Search Console, Google Tag Manager, Viewport Meta, Adobe Fonts, Adobe Commerce, New Relic APM, YouTube, Adobe Commerce, Remote, AI",75000000,102300000,Venture (Round not Specified),35000000,2022-06-01T00:00:00+00:00,,,,FALSE,FALSE,FALSE,FALSE,2,"3999, 2851","33995, 325510",6a6c3570a1b5c10020f86a2e,6a6c3571a1b5c10020f86a56,6a6c3570a1b5c10020f86a2e,,,,,,,,,Qualified
Peter,Steiner,Purchasing Manager/materials Manager,Kerr Lakeside Inc,Kerr Lakeside,psteiner@kerrlakeside.com,Verified,Apollo,Apollo,,Not Catch-all,2026-07-27T12:59:07+00:00,Manager,Finance,Sourcing / Procurement,rachelluo3131@gmail.com,,,,'+1 800-487-5377,,FALSE,Cold,,,rachelluo3131@gmail.com,28,machinery,"socket cap screw products, cold formed special products, precision screw machine products, cold heading, critical application fasteners, machinery manufacturing, close turning, lot traceability, quick delivery, b2b, special cold headed products, quality inspection, fastener industry trade associations, inventory management, iso 9001 certification, distribution, a2la accredited testing, fastener quality control, fastener distribution channels, family-owned business, turned product and screw, nut, and bolt manufacturing, in-stock product shipping, fastener manufacturing ohio, wire edm capability, fastener manufacturing, product inspection, manufacturing equipment, custom fastener solutions, drilling and knurling, manufacturing, secondary equipment manufacturing, socket screw products, iso 9001-2015, precision turned parts, hex socket screw, fastener industry associations, family-run fastener manufacturer, technical support, custom fasteners, fastener product catalog, astm and asme specifications, precision ground dowel pins, fastener industry standards, fastener industry certifications, wire edm manufacturing, threading and roll marking, astm and asme fastener standards, manufacturing in ohio, iso-17025 testing laboratory, high strength fasteners, custom cold formed parts, roll marking and threading, cold formed specials, precision machined components, milling and shaving, a2la accreditation, supply chain management, iso-17025, special cold headed fasteners, mechanical or industrial engineering, logistics & supply chain",http://www.linkedin.com/in/peter-steiner-093177b1,https://kerrlakeside.com,http://www.linkedin.com/company/kerr-lakeside-inc,https://facebook.com/kerrlakesideinc,,Euclid,Ohio,United States,"26841 Tungsten Rd, Euclid, Ohio, United States, 44132",Euclid,Ohio,United States,'+1 800-487-5377,"Microsoft Email Providers, Microsoft Exchange Online, Outlook, Microsoft 365, Microsoft 365 Apps & Services, Microsoft Exchange, Microsoft 365, Microsoft 365, Google Search Console, FlexSlider, WP Engine, FitVids.JS, Priority Hints, WordPress.org, Yoast, jQuery Migrate, RSS, HTTP/3, Slider Revolution, prettyPhoto, PrimeNG, Wordpress, jQuery, CloudFlare, Google Search Console, Cloudflare Bot Management, Google Font API, Open Graph, Mobile Friendly, YouTube, Font Awesome, Viewport Meta, Remote, Circle, Sisense, Domo, KNIME",14507000,,,,,,,,FALSE,FALSE,FALSE,FALSE,,3451,"33272, 332710",6a6cae37b8068b001ce61e4c,6a6cae37b8068b001ce61e55,6a6cae37b8068b001ce61e4c,,,,,,,,,
Tyler,Harrell,Sourcing and Supply Chain Manager,Ventek Solutions,Ventek Solutions,tyler.harrell@venteksolutions.com,Verified,Apollo,Apollo,,Not Catch-all,2026-07-16T18:05:04+00:00,Manager,"Finance, Operations","Sourcing / Procurement, Supply Chain",rachelluo3131@gmail.com,,,,'+1 847-271-5198,,FALSE,Cold,,,rachelluo3131@gmail.com,160,packaging & containers,"packaging & containers manufacturing, shipping, logistics & supply chain",http://www.linkedin.com/in/tyler-harrell-827b923a,https://venteksolutions.com,http://www.linkedin.com/company/ventek-solutions,,,Florence,Alabama,United States,"100 Coastal Dr, Charleston, South Carolina, United States, 29492-8968",Charleston,South Carolina,United States,'+1 847-271-5198,"Apple Business Manager, GoDaddy Domains, Apple School Manager, Microsoft Email Providers, Microsoft Exchange Online, Outlook, Microsoft 365, Microsoft 365 Apps & Services, Microsoft Exchange, Microsoft 365, GoDaddy Hosting, Microsoft 365, PrimeNG, jQuery, WOW, WordPress.org, Bootstrap, Animate.css, HTTP/3, Contact Form 7, spin.js, Google Font API, Font Awesome, Paycor, Open Graph, Viewport Meta, reCAPTCHA, Google Tag Manager, Yoast, Newton Software, Google Analytics 4 (GA4), Wordpress, WP Job Openings, Magnific Popup, Priority Hints, Mobile Friendly, Swiper, Ahrefs, RSS, Bootstrap, Elementor, LiteSpeed, Litespeed Cache, jQuery Migrate, Redux Framework, PHP, OWL Carousel, CAPTCHA, Google Analytics, Wider Planet, CNC Software, Creo Parametric, Arc, Infor Birst, Microsoft Dynamics 365, 24-7 Media, Google Identity Services APIs, Amazon AWS, Oracle Fusion Middleware, PowerBI Tiles, SAP Crystal Reports, Nevron Vision for SSRS, MySQL, OneTrust Tech Risk & Compliance, Brocade Switches, Stitch, Gauges, CRM+, Adobe Real-Time CDP, Monday.com, BASE, Micro, Salesforce CRM Analytics, Minitab Statistical Software, Quip, Plate, Etch, Oracle Analytics Cloud, MySQL, Microsoft Dynamics 365, Amazon AWS, MariaDB, amCharts, Sentry, Vtiger CRM",481000000,,,,,,,,FALSE,FALSE,FALSE,FALSE,,3089,326199,6a6cae37b8068b001ce61e4f,6a6cae37b8068b001ce61e58,6a6cae37b8068b001ce61e4f,harrelltyler@hotmail.com,Apollo,Verified,Apollo,,,,,
Tonja,Baker,Supply Chain Manager/Buyer,Harvest Roasting,Harvest Roasting,tonja.baker@harvestroasting.com,Verified,Apollo,Apollo,,Not Catch-all,2026-06-30T07:50:11+00:00,Manager,"Finance, Operations","Sourcing / Procurement, Supply Chain",rachelluo3131@gmail.com,,,,'+1 877-494-7004,,FALSE,Cold,,,rachelluo3131@gmail.com,54,logistics & supply chain,"transportation, logistics, supply chain & storage, b2b, b2c, e-commerce, retail, logistics & supply chain, consumer internet, consumers, internet, information technology & services",http://www.linkedin.com/in/tonja-baker-b6039812,https://harvestroasting.com,http://www.linkedin.com/company/harvest-roasting,,https://twitter.com/harvestroasting,Omaha,Nebraska,United States,"8705 S 9th St, Bellevue, Nebraska, United States, 68147-2690",Bellevue,Nebraska,United States,'+1 877-494-7004,"Cloudflare DNS, Outlook, Zendesk, CloudFlare CDN, Slack, Google Font API, Mobile Friendly, Next.js, Viewport Meta",,,,,,,,,FALSE,FALSE,FALSE,FALSE,,2095,"311920, 454110",6a6c3570a1b5c10020f86a2f,6a6c3571a1b5c10020f86a57,6a6c3570a1b5c10020f86a2f,tonjabaker40@yahoo.com,Apollo,Verified,Apollo,,,,,Disqualified
Michael,Moore,"Buyer, Commodity Manager",Magna Donnelly (dissolved),Magna Donnelly,michael.moore1@magna.com,Verified,Apollo,Apollo,,,2026-07-31T05:41:06+00:00,Manager,Finance,Sourcing / Procurement,rachelluo3131@gmail.com,,,,,,FALSE,Cold,,,rachelluo3131@gmail.com,170,automotive,"motor vehicle manufacturing, automotive",http://www.linkedin.com/in/michael-moore-a6b9726,https://magna.com,http://www.linkedin.com/company/magna-donnelly,,,Newaygo,Michigan,United States,United States,,,United States,,,,,,,,,,,FALSE,FALSE,FALSE,FALSE,,3714,336320,6a6c3570a1b5c10020f86a32,6a6c3571a1b5c10020f86a5a,6a6c3570a1b5c10020f86a32,,,,,,,,,Disqualified
Tabitha,Nardizzi,Sourcing and Supply Chain Manager,The Chemico Group,The Chemico Group,tnardizzi@chemicomays.com,Verified,Apollo,Apollo,,Catch-all,2026-07-10T11:50:52+00:00,Manager,"Finance, Operations","Sourcing / Procurement, Supply Chain",rachelluo3131@gmail.com,,,,'+1 248-723-3263,,FALSE,Cold,,,rachelluo3131@gmail.com,500,chemicals,"chemical managment, chemical procurement, supply logistics, chemical distribution, environmental health safety, inventory management, sustainability, chemical manufacturing, chemical inventory control, chemical recycling, chemical lifecycle management, consulting, services, healthcare chemicals, hazardous waste disposal, chemical inventory, industrial chemicals, chemical solutions for manufacturing, chemical safety training, chemical waste reduction, iso 9001:2015, sustainable chemical solutions, private label products, automotive chemicals, safety and sustainability, government, logistics, environmental sustainability, safety and health, defense, specialty chemical products, green procurement, supply chain, safety data sheets (sds), waste management, iso 14001:2015, b2b, safety data sheets, jit warehousing, environmental compliance, inventory control, electronics, custom blending, safety compliance, manufacturing, chemical management, aerospace chemicals, engineering services, hazardous waste, supply chain optimization, quality assurance, environmental health and safety, environmentally conscious disposal, chemical lifecycle, chemical data management, industry-specific chemical solutions, custom chemical formulation, chemical management services, chemical logistics, chemical solutions, healthcare, waste minimization, regulatory compliance, aerospace, process optimization, waste disposal, electronics chemicals, formulation services, chemical process optimization, regulatory support, automotive, environmental management, cost optimization, private label chemical products, supply chain management, custom formulation, custom chemical blending, private label, cost reduction, industrial, safety, environmental, environmental services, renewables & environment, chemicals, computer hardware, hardware, mechanical or industrial engineering, information technology & services, health care, health, wellness & fitness, hospital & health care, logistics & supply chain",http://www.linkedin.com/in/tabitha-nardizzi-460526b0,https://thechemicogroup.com,http://www.linkedin.com/company/thechemicogroup1989,https://facebook.com/chemicomays,https://twitter.com/chemicomays,Livonia,Michigan,United States,"25200 Telegraph Rd, Southfield, Michigan, United States, 48033",Southfield,Michigan,United States,'+1 248-723-3263,"GoDaddy Domains, Microsoft Email Providers, Microsoft Exchange Online, Outlook, Cisco Email Security, Cisco Email Security, Microsoft 365, Microsoft 365 Apps & Services, Microsoft Exchange, Microsoft 365, GoDaddy Hosting, Microsoft 365, Cisco Email Security, Amazon AWS, Contact Form 7, Apple iOS, Google Analytics, jQuery, Google Font API, Google Analytics 4 (GA4), All in One SEO, Elementor, CookieYes, CloudFlare, GSAP, Priority Hints, Google Search Console, All in One SEO, Cloudflare Rocket Loader, PrimeNG, WP Engine, imagesLoaded, Google Search Console, HTTP/3, RSS, Google Tag Manager, Bootstrap, WordPress.org, Google Maps (Non Paid Users), Woo Commerce, Google Maps, Font Awesome, Flickity, Open Graph, AIOSEO, jQuery UI, Wordpress, Viewport Meta, Bootstrap, Mobile Friendly, jQuery Migrate, Remote, Microsoft Sharepoint, Sage, Excel Impact, GenieWords, IBM Aspera on Cloud, Excel4Apps, Wider Planet, Flow, SAP Crystal Reports, Microsoft Excel, Microsoft Office, Inductive Automation Ignition, Bing Webmaster Tools, ebs, OpenTelemetry, Microsoft Teams",220160000,,,,,,,,FALSE,FALSE,FALSE,FALSE,,2899,"54133, 424690, 325611, 541620",6a6cae37b8068b001ce61e4e,6a6cae37b8068b001ce61e57,6a6cae37b8068b001ce61e4e,,,,,,,,,
Jay,Simler,"Purchasing Manager, Supply Chain Manager",Parker Steel Company,Parker Steel Company,jsimler@metricmetal.com,Verified,Apollo,Apollo,,,2026-07-02T19:55:02+00:00,Manager,"Finance, Operations","Sourcing / Procurement, Supply Chain",rachelluo3131@gmail.com,,,,'+1 800-333-4140,,FALSE,Cold,,,rachelluo3131@gmail.com,47,mining & metals,"metricsize metals, stainless steel, copper, aluminum, carbon steel, tubing, cold drawn rounds, hexagons, squares flats, cold hot rolled sheets plates, shims, tees, angles, beams channels, brass, millimeter centimeter sizes, ctpatcertified, iso 9001 certified, metric bar, metric tube, metric tubing, metric steel, metric sheet, metric plate, metric beams, metric channel, metric tee, metric carbon steel, metric stainless steel, metric aluminum, metric brass, metric copper, mining",http://www.linkedin.com/in/jay-simler-c-p-m-31b2117,https://metricmetal.com,http://www.linkedin.com/company/parker-steel-company1,https://facebook.com/pages/Parker-Steel-Co/140350705999981,https://twitter.com/MetricMetal,Bowling Green,Ohio,United States,"1625 Indian Wood Cir, Maumee, Ohio, United States, 43537",Maumee,Ohio,United States,'+1 800-333-4140,"Google Search Console, Google Search Console, Apple Business Manager, Harmony Email & Collaboration, GoDaddy Domains, Apple School Manager, Microsoft Email Providers, Microsoft Exchange Online, Outlook, Harmony Email & Collaboration, Microsoft 365, Microsoft 365 Apps & Services, Microsoft Exchange, GoDaddy Hosting, Viewport Meta, Woo Commerce, RSS, PHP, PrimeNG, Cloudflare Rocket Loader, Adobe Fonts, Font Awesome, Mobile Friendly, jQuery, Wordpress, EWWW Image Optimizer, Nginx, StatCounter, jQuery Migrate, Google Font API, Open Graph, Priority Hints, LeadForensics, Gravity Forms, Adobe Fonts, Select2, Google Tag Manager, Constant Contact, Yoast, WordPress.org, Remote, MySQL",3995000,,,,,,,,FALSE,FALSE,FALSE,FALSE,,5051,423510,6a6c3570a1b5c10020f86a33,6a6c3571a1b5c10020f86a5b,6a6c3570a1b5c10020f86a33,jsimler@gmail.com,Apollo,Verified,Apollo,,,,,Disqualified
Alex,Reinhold,Supply Chain Manager // Buyer,"Fairchild Industries, Inc.",Fairchild Industries,areinhold@fairchildind.com,Verified,Apollo,Apollo,,Not Catch-all,2026-07-10T13:04:40+00:00,Manager,"Finance, Operations","Sourcing / Procurement, Supply Chain",rachelluo3131@gmail.com,,,,'+1 847-550-9580,,FALSE,Cold,,,rachelluo3131@gmail.com,49,plastics,"rubber extrusions, rubber moldings, plastic extrusions, plastic moldings, sealing systems closures, fluid transfer systems hoses, weatherstrip, engineering design services, full service design, plastics & rubber product manufacturing, construction seals, rubber seals, fluid transfer hoses, marine, automotive seals, marine seals, rubber bellows, custom parts, mold design, engineering analysis, construction, consulting, rubber trim for vehicles, custom rubber parts, self-sealing weatherstrips, shift boots, military, automotive, rubber vibration mounts, b2b, value-added services, window channels, government, manufacturing, automotive components, design and development, 3d printing rubber, rapid prototyping, extrusion development, fluid transfer systems, distribution, rubber and plastic components, custom rubber gaskets, agriculture, vibration mounts, industrial rubber products, moldings, rubber edge trim, sealing systems, fea analysis, extrusions, other rubber product manufacturing, iso certified, services, cae analysis, material selection, chemicals, mechanical or industrial engineering",http://www.linkedin.com/in/alex-reinhold,https://fairchildindustries.com,http://www.linkedin.com/company/fairchild-industries,https://facebook.com/fairchildindustriesinc/,https://twitter.com/Fairchild_Ind,Chicago,Illinois,United States,"475 Capital Dr, Lake Zurich, Illinois, United States, 60047",Lake Zurich,Illinois,United States,'+1 847-550-9580,"Outlook, Google Cloud Hosting, Matomo, Matomo, Wordpress, Google Ads, Google Search Console, reCAPTCHA, Viewport Meta, Mobile Friendly, WordPress.org, Bing Webmaster Tools, Tailwind, Google Tag Manager, Google Font API, Divi, Woo Commerce, Google Ads Conversion, Remote",18000000,,,,,,,,FALSE,FALSE,FALSE,FALSE,,"3089, 3069","32629, 326220, 326199, 423990",6a6c3570a1b5c10020f86a34,6a6c3571a1b5c10020f86a5c,6a6c3570a1b5c10020f86a34,,,,,,,,,Qualified
Michelle,Schuck,Purchasing / Supply Chain Manager,Spartech Corporation,Spartech,michelle.schuck@spartech.com,Verifying,Apollo,Apollo,,Catch-all,,Manager,"Finance, Operations","Sourcing / Procurement, Supply Chain",rachelluo3131@gmail.com,,,,'+1 800-677-4338,,FALSE,Cold,,,rachelluo3131@gmail.com,340,plastics,"plastics manufacturing, chemicals",http://www.linkedin.com/in/michelle-schuck-051995b,https://spartech.com,http://www.linkedin.com/company/spartech-corporation,https://www.facebook.com/SpartechLLC/,https://twitter.com/Spartech_LLC,La Habra,California,United States,"33587 Walker Road, Avon Lake, Ohio, United States, 44012",Avon Lake,Ohio,United States,'+1 800-677-4338,"Outlook, Microsoft Azure Hosting, Pantheon, Slack, Salesforce, Drupal, Hubspot, Bootstrap, Microsoft-IIS, ASP.NET, Vimeo, Mobile Friendly, Google Tag Manager, Circle, Remote",,,,,,TJC (tjclp.com),TJC (tjclp.com),,FALSE,FALSE,FALSE,FALSE,,"3089, 2821","326112, 325991",6a6cae78d26f95002063e8b9,6a6cae78d26f95002063e8c0,6a6cae78d26f95002063e8b9,,,,,,,,,
Elizabeth,Shahin,Purchasing and Supply Chain Manager,"Upexi, Inc (NASDAQ: UPXI)",Upexi Inc (NASDAQ,elizabeth.shahin@upexi.com,Verified,Apollo,Apollo,,Not Catch-all,2026-07-09T17:43:43+00:00,Manager,"Finance, Operations","Sourcing / Procurement, Supply Chain",rachelluo3131@gmail.com,,,,'+1 203-442-5391,,FALSE,Cold,,,rachelluo3131@gmail.com,59,"health, wellness & fitness","medicinal chemicals & botanical products, health care, wellness & fitness services, market maker investment, crypto-native design, mining, capital markets strategies, financial services, staking, staking yield, data analytics, blockchain ecosystem, bitcoin, supply chain, supply chain management, investment management, crypto treasury model, blockchain, web3, programmatic advertising, e-commerce, decentralized infrastructure, distribution, solana, institutional crypto exposure, discounterd tokens, b2c, cryptocurrency, logistics, programmable assets, solana treasury, inventory management, ecommerce, treasury management, b2b, cryptocurrency portfolio, financial technology, defi, d2c, services, high-performance blockchain, securities and commodity contracts intermediation and brokerage, digital asset management, capital markets, digital assets, real-time market access, locked sol, market infrastructure, finance, fintech, health, wellness & fitness, logistics & supply chain, consumer internet, consumers, internet, information technology & services, finance technology",http://www.linkedin.com/in/elizabeth-shahin-ba2a6436,https://upexi.com,http://www.linkedin.com/company/upxi,,https://twitter.com/UpexiTreasury,Las Vegas,Nevada,United States,"3030 N Rocky Point Dr W, Tampa, Florida, United States, 33607-1413",Tampa,Florida,United States,'+1 203-442-5391,"Google Search Console, Gmail, Google Workspace, Amazon AWS, WP Engine, Sumo, Slack, Square, OpenSSL, LinkedIn Ads, Google Tag Manager, Viewport Meta, Google Analytics 4 (GA4), Linkedin Marketing Solutions, Apache, Mobile Friendly, Remote, X (Twitter), YouTube",15811000,,,,,,,,FALSE,FALSE,FALSE,FALSE,,6732,"5231, 523940, 44-45",6a6cae78d26f95002063e8b6,6a6cae78d26f95002063e8bd,6a6cae78d26f95002063e8b6,,,,,,,,,
Robert,Sistrunk,Procurement and Supply Chain Manager,Accent Building Materials,Accent Building Materials,rsistrunk@accentbuild.com,Verified,Apollo,Apollo,,Catch-all,2026-07-30T20:35:12+00:00,Manager,"Finance, Operations","Sourcing / Procurement, Supply Chain",rachelluo3131@gmail.com,,,,'+1 281-255-4881,,FALSE,Cold,,,rachelluo3131@gmail.com,38,building materials,"building materials, fasteners, bulk package nails, bulk package screws, concrete products, roofing products, drywall acoustical products, construction accessories, hanger wire, acoustical hanger wire, collated gun nails staples, poly sheeting, black annealed coils, galvanized coils, metal lath, rebar, bar ties, steel strapping, coil roofing, anchor bolts, round steel stakes, b2b, industry partnerships, timely delivery, tension pins, striker brand, roofing nails, growth through acquisition, square point masonry nails, sub-flooring nails, concrete stub fasteners, quality building products, construction supplies, drywall products, masonry nails, product line expansion, fastener products, concrete accessories, acq lumber fasteners, fastener distribution, ring shank nails, wood to masonry fasteners, building materials supplier, distribution, tempered steel nails, partnering with suppliers, e-commerce, customer service, self drilling screws, building material and supplies dealers, concrete and drywall supplies, roofing accessories, specialty fasteners, construction, north america market, services, industrial wire products, drywall nails, galvanized nails, regional distribution, specialty nails, product quality assurance, product inventory, furring strips, construction industry, consumer internet, consumers, internet, information technology & services",http://www.linkedin.com/in/robertsistrunk,https://accentbuild.com,http://www.linkedin.com/company/accent-building-materials,https://www.facebook.com/accentbuildingmaterials/,,Cypress,Texas,United States,"10131 FM 2920 Rd, Tomball, Texas, United States, 77375",Tomball,Texas,United States,'+1 281-255-4881,"Barracuda MSP, Barracuda Email Security Service, Blue Host DNS, Barracuda Email Security Service, Blue Host, Microsoft 365, OpenAI, Barracuda Networks, DigitalOcean, jQuery, Mobile Friendly, Nginx, HSTS, FitVids.JS, RSS, ZURB Foundation, WordPress.org, Google Font API, Wordpress, Gravity Forms, Divi, jQuery Mobile, jQuery Migrate, Viewport Meta, PrimeNG, Remote, IoT",15000000,,Merger / Acquisition,0,2023-08-01T00:00:00+00:00,"Apollo Global Management, Inc. (apollo.com)","Apollo Global Management, Inc. (apollo.com)",,FALSE,FALSE,FALSE,FALSE,,1799,"4441, 423390",6a6cae78d26f95002063e8b7,6a6cae78d26f95002063e8be,6a6cae78d26f95002063e8b7,,,,,,,,,
Brooke,Sweeney,Purchasing and Supply Chain Manager,Planned Parenthood of Central and Western New York,Planned Parenthood of Central and Western New York,brooke.sweeney@ppcwny.org,Verified,Apollo,Apollo,,Catch-all,2026-07-02T16:02:25+00:00,Manager,"Finance, Operations","Sourcing / Procurement, Supply Chain",rachelluo3131@gmail.com,,,,,,FALSE,Cold,,,rachelluo3131@gmail.com,130,hospital & health care,"hospitals & health care, hospital & health care",http://www.linkedin.com/in/brooke-sweeney-56337b57,https://ppcwny.org,http://www.linkedin.com/company/planned-parenthood-of-central-and-western-new-york,,,Spencerport,New York,United States,"114 University Ave, Rochester, New York, United States, 14605-2929",Rochester,New York,United States,,,,,,,,,,,FALSE,FALSE,FALSE,FALSE,,8093,62141,6a6cae78d26f95002063e8b8,6a6cae78d26f95002063e8bf,6a6cae78d26f95002063e8b8,brooke.bovenzi@gmail.com,Apollo,Verified,Apollo,,,,,
